Rays,Angles,RMS per-pixel error
10,10,58.66013889267482
10,11,58.688822347443335
10,12,57.26034913491603
10,13,56.305436254562665
10,14,56.442304650208214
10,15,54.93730870505031
10,16,54.259511386033644
10,17,54.46251749422811
10,18,52.729789496419585
10,19,53.12792042102226
10,20,52.57792662721524
10,21,51.77224329134123
10,22,52.1804170659309
10,23,51.36520151214368
10,24,51.502648971190574
10,25,51.32506645541792
10,26,50.56783079361324
10,27,50.851361375743444
10,28,49.852194287681286
10,29,50.31246428820151
10,30,49.734012268234046
10,31,49.65968852665023
10,32,49.59212086031766
10,33,49.352875675840416
10,34,48.82498185229339
10,35,49.22647111952529
10,36,48.842986129689734
10,37,48.87963946412344
10,38,48.87531284509862
10,39,48.811305784181044
10,40,48.616121036865344
11,10,60.52189261013525
11,11,60.1651613920559
11,12,59.5868579445451
11,13,58.98966078096392
11,14,58.242675564895386
11,15,57.469186946987065
11,16,57.19032053889245
11,17,56.561391201961904
11,18,56.32516519601298
11,19,55.88876595331672
11,20,55.60592318799811
11,21,55.29843544571165
11,22,55.20364095080387
11,23,54.603352310137595
11,24,54.79152409333221
11,25,54.18057292460415
11,26,54.44032628019888
11,27,53.83650745586454
11,28,54.11504256151451
11,29,53.70364617394568
11,30,53.963952728643875
11,31,53.419144705857384
11,32,53.64872688054538
11,33,53.240385840546445
11,34,53.17546688256995
11,35,52.93592187315016
11,36,52.86348802187894
11,37,52.860936022817725
11,38,52.56693995521254
11,39,52.793359811041675
11,40,52.42464167036984
12,10,58.895431656252114
12,11,58.01556813337713
12,12,57.501368564610324
12,13,56.16802862935825
12,14,56.09738183660719
12,15,55.18505443067842
12,16,54.02772759441678
12,17,54.3543247176007
12,18,53.044300292034464
12,19,53.65450995556771
12,20,52.62283653709079
12,21,52.53644414008132
12,22,51.928256027803855
12,23,51.71836384448816
12,24,51.0653756139346
12,25,50.75263877889773
12,26,50.501003845585316
12,27,50.08107250767869
12,28,50.295697488145
12,29,49.46487067993643
12,30,49.6226666163633
12,31,49.465078056790595
12,32,49.15509216288815
12,33,49.14453335158077
12,34,48.8954227701041
12,35,48.89239397476786
12,36,48.70499106654312
12,37,48.81532355759351
12,38,48.373589455547496
12,39,48.72709044029077
12,40,48.22637058722697
13,10,60.322535535524835
13,11,58.81741634257377
13,12,59.12907439896393
13,13,57.37638085560518
13,14,58.04870664790137
13,15,56.06506348197692
13,16,56.41636584636586
13,17,55.42011153403931
13,18,55.55980681112142
13,19,54.366708865884675
13,20,55.04131501024064
13,21,53.65034671987495
13,22,54.6240900536767
13,23,53.2762334304091
13,24,53.94038221761097
13,25,53.01783874090584
13,26,53.11940163119448
13,27,52.63032298812482
13,28,53.17540085003507
13,29,52.336767670693845
13,30,52.77799680164383
13,31,52.06859996147667
13,32,52.399100575571076
13,33,51.99653379499059
13,34,52.097273719815995
13,35,51.8556203419941
13,36,51.91213348276686
13,37,51.629908898253206
13,38,51.68067265464491
13,39,51.56007420848167
13,40,51.37233522325567
14,10,56.341069600156715
14,11,55.523694161875184
14,12,53.12936323494645
14,13,53.32136985243542
14,14,51.39815480919608
14,15,51.32508148689021
14,16,49.18616646778864
14,17,49.81390825906274
14,18,48.97512389466451
14,19,48.89264299553512
14,20,48.254713569017184
14,21,48.103188827815785
14,22,47.385908484508555
14,23,46.91890743529577
14,24,45.98898611115921
14,25,45.495972821871746
14,26,45.486804831163575
14,27,45.000161141134974
14,28,44.522837750465406
14,29,44.58041788955657
14,30,43.799700494376715
14,31,44.2961214122063
14,32,43.303174370056155
14,33,43.672001480667355
14,34,43.17261773906579
14,35,43.42286211262626
14,36,43.088745406414034
14,37,43.487310230766184
14,38,42.94953257704089
14,39,43.10790265252272
14,40,42.90024714649425
15,10,57.92969138715114
15,11,57.05170535391873
15,12,56.172429713733656
15,13,55.78881462053075
15,14,54.87377581627917
15,15,54.2693051530217
15,16,54.034681797115276
15,17,52.71286500066867
15,18,52.50016306200664
15,19,51.71744677729265
15,20,51.655408981708476
15,21,51.832566821406694
15,22,50.800723935339306
15,23,50.95675885283541
15,24,50.628654854877816
15,25,50.47884377217388
15,26,49.98554250546227
15,27,49.5723118548843
15,28,49.67782094567319
15,29,49.165665020589294
15,30,49.165624269096334
15,31,48.72389921834526
15,32,48.65922002050609
15,33,48.313030075407234
15,34,48.25766134812779
15,35,48.34023406656433
15,36,47.94945386027547
15,37,48.241600348127555
15,38,47.666704516364895
15,39,48.05848414900816
15,40,47.81396449330659
16,10,56.06203558684971
16,11,55.38596331398524
16,12,54.01573694817986
16,13,53.55371615082715
16,14,52.03911601957302
16,15,50.770348102021046
16,16,50.901463398632906
16,17,49.80849287600549
16,18,49.49047847836673
16,19,49.16824410513151
16,20,48.49800012080919
16,21,48.095507783442855
16,22,48.11508869562096
16,23,47.045762897544165
16,24,47.03790117536593
16,25,46.2384457909038
16,26,45.92266829130162
16,27,45.393582807220305
16,28,45.01745605413171
16,29,45.496877567989884
16,30,44.33322384633305
16,31,44.918200459722534
16,32,44.381412884659824
16,33,44.4529550217796
16,34,44.14745850206314
16,35,43.86434893074983
16,36,44.01398231078932
16,37,43.375798420173794
16,38,43.75810911701139
16,39,43.19925461893398
16,40,43.51480085949338
17,10,54.615721498215585
17,11,54.9128457288584
17,12,53.93683549863457
17,13,52.762711894667525
17,14,51.94453559099497
17,15,51.025545135836104
17,16,51.042916330487934
17,17,49.058477044529994
17,18,49.87128514501326
17,19,48.16674508680114
17,20,47.877316983147196
17,21,47.562924374835625
17,22,46.99866399052559
17,23,46.32697346962731
17,24,46.55788501832022
17,25,45.62312951508386
17,26,45.80737679194702
17,27,45.03497904491554
17,28,45.220744301685095
17,29,44.67760436362945
17,30,44.714722680504686
17,31,44.48713997028109
17,32,44.455853646169494
17,33,44.32793093722291
17,34,43.86519399347948
17,35,43.7667099595744
17,36,43.624077484198125
17,37,43.40325552456595
17,38,43.478675004018086
17,39,43.22301413435223
17,40,43.01674639152919
18,10,54.67388409508603
18,11,52.35671180229099
18,12,52.51726972018358
18,13,50.806672982795995
18,14,50.51684645812952
18,15,48.99462887833923
18,16,48.66676458683965
18,17,46.87596971340272
18,18,46.47931045211438
18,19,44.508666335198924
18,20,45.35972431540562
18,21,43.67676317103652
18,22,43.790468883966035
18,23,43.20225117723961
18,24,42.470538435939446
18,25,42.26632587491412
18,26,41.576133500849494
18,27,41.24983038904918
18,28,40.5880965467099
18,29,40.50686500211185
18,30,40.38823393517986
18,31,40.22936291240252
18,32,39.795998562154956
18,33,39.554664669180006
18,34,39.130392716685876
18,35,39.27552577097091
18,36,38.89213692694222
18,37,38.80217953763085
18,38,38.31479730082695
18,39,38.17902034565533
18,40,38.191473088518876
19,10,54.640607619545726
19,11,53.65775227690653
19,12,52.564928927030834
19,13,50.21024255891876
19,14,50.67114173217492
19,15,48.72659697284454
19,16,48.161356411038874
19,17,47.771125610661564
19,18,45.89128608551302
19,19,45.75345748591247
19,20,45.75190257269077
19,21,44.03300471872304
19,22,44.975815169012236
19,23,43.50154158096738
19,24,44.09164095241664
19,25,43.0211310883998
19,26,42.86138655397645
19,27,42.33045291421885
19,28,41.717477321269506
19,29,41.283168792343304
19,30,41.178151883558144
19,31,40.16859770056429
19,32,40.87750955306391
19,33,40.125382281468625
19,34,40.1347896294173
19,35,40.098882435669964
19,36,39.679853286298155
19,37,39.707137052307885
19,38,39.63959435269476
19,39,39.652853138503794
19,40,39.33210573667062
20,10,52.942267923430144
20,11,52.1421253850424
20,12,50.621035526666304
20,13,50.25764973200291
20,14,49.8353945475305
20,15,48.58894600139303
20,16,48.18505155496092
20,17,46.39872654544228
20,18,46.463803535769365
20,19,45.09025212019486
20,20,44.239240824843684
20,21,43.779012672016385
20,22,43.98341579492803
20,23,42.31472222974787
20,24,42.14799369116323
20,25,41.99042766371319
20,26,41.720381798828875
20,27,41.350341236835234
20,28,40.801850092096835
20,29,40.82086088607255
20,30,40.19073830812211
20,31,40.1116868461982
20,32,39.63507775607701
20,33,39.595292702833405
20,34,38.924203144773806
20,35,39.07229576730875
20,36,38.64394780901392
20,37,39.14806677498035
20,38,38.50375750733606
20,39,38.902204424249874
20,40,38.32255196206123
21,10,50.545093749198834
21,11,49.56895289989485
21,12,49.50372897747608
21,13,47.481755539184014
21,14,47.4700500807838
21,15,44.81342729206741
21,16,44.451993836788624
21,17,43.862509928141854
21,18,42.40729666198776
21,19,42.23484851865821
21,20,40.16282269882701
21,21,39.966451477047144
21,22,39.529179866020506
21,23,38.112985188074845
21,24,37.85575983127832
21,25,37.87380659066719
21,26,37.285989974710475
21,27,36.46793796929478
21,28,36.744401131532655
21,29,36.04833583162629
21,30,35.559345326770874
21,31,34.88319158924224
21,32,35.12356316728543
21,33,34.73828685995839
21,34,34.199283353968084
21,35,34.2323761292082
21,36,33.48708717539308
21,37,33.89061635257832
21,38,33.393816079741654
21,39,33.5658725482795
21,40,33.15416608416796
22,10,51.477826566335004
22,11,49.45587718515922
22,12,47.42289698041938
22,13,47.899839870945186
22,14,47.24704268705536
22,15,45.476347641620094
22,16,44.90173703083826
22,17,43.0890939879638
22,18,42.853142677876455
22,19,41.17741811968414
22,20,40.98347037835342
22,21,40.82847402937777
22,22,39.10395315274668
22,23,39.48282173928291
22,24,37.53729830770647
22,25,37.95055565682205
22,26,36.86091179331015
22,27,36.25954816496349
22,28,36.07203970960701
22,29,35.21736254268464
22,30,35.37075224898842
22,31,34.4776295729386
22,32,34.30639809413911
22,33,34.273248940892756
22,34,33.467643393077736
22,35,33.84262364956988
22,36,32.97943459385719
22,37,33.2218586100502
22,38,32.50667807213692
22,39,32.516663394528024
22,40,32.177510835401094
23,10,50.57719034963054
23,11,49.47555283417908
23,12,48.07326724173374
23,13,47.12560344326831
23,14,47.03943724263475
23,15,46.18468865781969
23,16,44.51454813647196
23,17,44.2036138108112
23,18,42.53690895938303
23,19,42.022539100106556
23,20,41.329843180029634
23,21,40.07131813054792
23,22,39.58832639967637
23,23,38.866563360691956
23,24,38.132850567468424
23,25,37.82751519190203
23,26,37.56826182716216
23,27,37.202373407504496
23,28,37.04848161950093
23,29,35.60207737881785
23,30,36.151239719061095
23,31,34.92174771648974
23,32,34.807359537145246
23,33,34.33745551621101
23,34,33.54196235539031
23,35,33.687260878788344
23,36,33.28121419971345
23,37,33.889508727854434
23,38,32.926356095694764
23,39,33.68076505594713
23,40,32.638342081968894
24,10,48.49913327635515
24,11,47.72161418369633
24,12,45.632223385025604
24,13,45.31139064555203
24,14,44.15137005492965
24,15,43.70608090631562
24,16,42.133143001737054
24,17,41.68913704337845
24,18,40.990261626320226
24,19,39.999940293158375
24,20,38.8366052341444
24,21,38.432367012980016
24,22,37.667157553836454
24,23,36.669216289981776
24,24,35.41386677592973
24,25,35.480670756344566
24,26,34.51094087479217
24,27,34.76464220533023
24,28,34.13695609978708
24,29,33.70588174096846
24,30,33.100976889627105
24,31,32.16483720609242
24,32,32.023227058270564
24,33,32.08526474920515
24,34,31.555317090756358
24,35,31.424751293460837
24,36,31.021875841587903
24,37,30.423360706921724
24,38,30.515276884996805
24,39,30.148724658262896
24,40,29.620579513253702
25,10,47.542289538996016
25,11,46.56802603091188
25,12,45.2522152095531
25,13,43.90932855247482
25,14,42.57244459104847
25,15,41.92253557055625
25,16,40.35456937150305
25,17,39.658367518062704
25,18,38.838820626236945
25,19,37.89140174348064
25,20,36.87044455504277
25,21,35.859280435025056
25,22,35.94411349338506
25,23,34.10876071497848
25,24,34.2777431163997
25,25,32.32501535999776
25,26,32.36222326014627
25,27,31.17247453209782
25,28,30.705326562642977
25,29,30.105735296724866
25,30,29.650861081995817
25,31,28.750190499981294
25,32,28.960415145741926
25,33,28.19932497150331
25,34,27.98018436898597
25,35,27.841205448356185
25,36,26.295007116468838
25,37,27.15462299575957
25,38,25.020814828766845
25,39,24.82210802988441
25,40,24.903828435015377
26,10,45.132575917736474
26,11,45.64510964041511
26,12,43.630662197040245
26,13,43.62011308653227
26,14,41.167325461030515
26,15,41.48858403684143
26,16,40.15789567566261
26,17,39.757919488257414
26,18,38.11764859802307
26,19,37.413617624622766
26,20,35.79013154607667
26,21,35.467232282867414
26,22,34.62630026094491
26,23,34.25507820309883
26,24,32.002478362670985
26,25,31.67372634468194
26,26,30.71783445342193
26,27,30.067756322408442
26,28,28.812925306459757
26,29,29.382893808066807
26,30,28.487490906192118
26,31,28.607141807676108
26,32,27.24159106304597
26,33,27.628990262333836
26,34,26.991079521764174
26,35,26.897661486417725
26,36,25.756591372408714
26,37,24.980758444239708
26,38,23.943272244109462
26,39,22.590752440486344
26,40,21.442575484832528
27,10,48.461828984217476
27,11,46.78290096015863
27,12,44.71985388140051
27,13,43.881545149298105
27,14,42.58673768099349
27,15,41.047656188245746
27,16,40.27914427599496
27,17,38.916927497645695
27,18,38.77208329415309
27,19,38.77505007710078
27,20,37.15333286505099
27,21,36.65779281891358
27,22,36.25600245780607
27,23,33.836343685788144
27,24,33.99400695903075
27,25,31.760634171964682
27,26,31.93437938040436
27,27,30.80025206037523
27,28,30.022912035307293
27,29,29.931824605867302
27,30,29.704365376551905
27,31,28.42069887312486
27,32,28.18304875094702
27,33,27.470642072422088
27,34,27.02036361515191
27,35,25.497852456706983
27,36,25.780279616651622
27,37,23.53186938570348
27,38,23.136059116505354
27,39,21.528385401779072
27,40,22.23296667739018
28,10,43.152475035782935
28,11,43.214852168071054
28,12,41.808147129314754
28,13,40.41970021671853
28,14,39.7060529009621
28,15,38.22830370915823
28,16,36.41759901889609
28,17,36.61245686589145
28,18,34.96677842820564
28,19,32.75688147822266
28,20,32.86334951046385
28,21,32.13333733465768
28,22,30.528098418675675
28,23,29.84049908173644
28,24,29.281284827816968
28,25,27.763202775662844
28,26,27.465717676609014
28,27,25.802357444351003
28,28,25.48736200448173
28,29,24.889892677266104
28,30,24.262441999390763
28,31,23.979278551421572
28,32,22.40817183963284
28,33,21.78349345790479
28,34,21.359505069784085
28,35,20.423225588145222
28,36,18.73808457627984
28,37,18.775784950335183
28,38,18.202616621252325
28,39,15.5323279225572
28,40,15.33798701966294
29,10,44.80985314905941
29,11,42.3872003063786
29,12,40.08310264270425
29,13,40.28485123768174
29,14,38.210157606071505
29,15,37.653634166916625
29,16,37.0382740431363
29,17,34.01792287952662
29,18,35.13128460028167
29,19,32.83302764603708
29,20,31.727392838305253
29,21,31.638484824178594
29,22,29.22830755738518
29,23,28.831192829112034
29,24,28.352940246651603
29,25,26.592119740677354
29,26,26.40081917278239
29,27,25.28870452599888
29,28,23.18869483000315
29,29,23.239437003044163
29,30,23.04220189550261
29,31,21.618520849573088
29,32,21.28102653672207
29,33,20.540569645297218
29,34,19.543959139260252
29,35,19.957007436806954
29,36,17.942863559350386
29,37,17.40273365394179
29,38,16.096706882150915
29,39,14.762036505187462
29,40,13.349714757791524
30,10,42.98473509078167
30,11,41.67593274249995
30,12,39.781824108939624
30,13,37.881301623468666
30,14,37.55659090438831
30,15,36.57915674425901
30,16,35.767074331165986
30,17,34.442479278085045
30,18,32.073236655597576
30,19,32.936485242512816
30,20,31.074284393721236
30,21,30.68472985722941
30,22,29.473297258232794
30,23,28.288173882187756
30,24,26.456308226854
30,25,26.63775472614253
30,26,24.82106575699296
30,27,23.57827676112663
30,28,23.096970214734256
30,29,22.76876719036206
30,30,20.55878309642122
30,31,21.190277637960666
30,32,20.332658208082666
30,33,18.622004916523984
30,34,16.525314563579414
30,35,15.86029780063826
30,36,15.165338515277842
30,37,13.347359305339852
30,38,11.685533782913176
30,39,10.338375765129152
30,40,7.5700319625571115
31,10,42.65889705780148
31,11,41.588427753876964
31,12,39.505239771410324
31,13,40.12564906991285
31,14,36.74219924437647
31,15,35.26815036326605
31,16,35.23942924366716
31,17,33.096191151232674
31,18,33.18863407183927
31,19,31.46602532488477
31,20,30.671676630080867
31,21,28.991271635938713
31,22,28.752878592298536
31,23,28.197173273499526
31,24,26.099898280140557
31,25,26.94394081343711
31,26,24.845434140176337
31,27,23.84245620178988
31,28,22.566261588870198
31,29,22.990461473834916
31,30,21.470161401714687
31,31,21.969095036112112
31,32,20.492233119158797
31,33,19.050224764811816
31,34,19.231866281833028
31,35,16.175346523803032
31,36,14.349556856367139
31,37,11.703931887384654
31,38,12.605460321036656
31,39,8.893121696787892
31,40,8.352850117915802
32,10,42.41082126465391
32,11,38.85834948961917
32,12,38.69772964465621
32,13,36.13073143495784
32,14,36.723323081410186
32,15,34.180845610324106
32,16,33.153654476931344
32,17,30.517730256727738
32,18,30.23266264003252
32,19,29.35356019748523
32,20,28.956535629342095
32,21,27.121515531572033
32,22,26.532305887689848
32,23,25.1562660893133
32,24,23.764858601686775
32,25,22.539174959202576
32,26,22.49251575304178
32,27,20.452764701362057
32,28,19.080005037796667
32,29,17.526877089236148
32,30,17.7518733388071
32,31,15.376224972653308
32,32,15.705870962086141
32,33,14.379691026908837
32,34,12.665128878558003
32,35,12.45314770636497
32,36,9.216682257326196
32,37,7.306438239562837
32,38,6.206993188960709
32,39,3.8080383235140554
32,40,0.6375331181773445
33,10,39.86482260454026
33,11,40.55948117802943
33,12,37.93336856321433
33,13,35.44412381907577
33,14,35.12077019872675
33,15,32.68046295960731
33,16,32.211922504620766
33,17,30.403487885806083
33,18,31.04380931587186
33,19,29.01044206401317
33,20,28.609722647162684
33,21,27.07487532305674
33,22,25.202382953193236
33,23,24.987273296895285
33,24,23.94712599208803
33,25,22.573541536727163
33,26,20.187466115920508
33,27,20.312494086224927
33,28,19.50758403899361
33,29,18.109313206215635
33,30,18.02523591676796
33,31,16.98154216025937
33,32,15.650136536819339
33,33,15.147722398533196
33,34,15.28140698300231
33,35,12.745991629486584
33,36,11.376998874914602
33,37,9.79349338879323
33,38,9.21992768024782
33,39,5.898906756348404
33,40,0.00000000019401384719087067
34,10,39.96024858497652
34,11,39.39065504171079
34,12,37.08388569606824
34,13,34.764262661733476
34,14,34.33388031584275
34,15,32.709240338431094
34,16,29.692702760188222
34,17,30.071819589889248
34,18,29.033273290382887
34,19,28.470948768989846
34,20,26.509470011179893
34,21,26.742475234329966
34,22,26.71217662360265
34,23,23.218887994314922
34,24,23.34440765806961
34,25,21.590903645095707
34,26,20.079085588082982
34,27,19.238946878211713
34,28,18.533891641130307
34,29,16.24858127983931
34,30,16.349401676519037
34,31,14.478312962841319
34,32,12.660442417921619
34,33,10.640671627654571
34,34,11.082227382208673
34,35,7.345774116368116
34,36,4.1399098573090285
34,37,3.3998873877905624
34,38,1.6399029207750397
34,39,0.000000000012630978869536872
34,40,0.00000001696770828139494
35,10,38.55525048083844
35,11,38.707079247244835
35,12,35.58829581243068
35,13,34.615681747774794
35,14,32.53555837578065
35,15,32.1171626670049
35,16,30.307439977127444
35,17,29.3563779843308
35,18,27.111933413644124
35,19,27.33557636980702
35,20,26.11994208573523
35,21,24.566420053117792
35,22,23.73342713312616
35,23,23.73564965474874
35,24,20.879633847482854
35,25,21.418946363097977
35,26,19.14640478710388
35,27,17.627015253282764
35,28,15.298846184579826
35,29,15.933434434455163
35,30,14.319530770612127
35,31,13.475021457527484
35,32,12.32159673286098
35,33,10.120940533951451
35,34,9.420213146167267
35,35,6.3530132651926055
35,36,6.597405362210785
35,37,3.8559237509954043
35,38,0.0000007730531195627971
35,39,0.000000000011534005528939894
35,40,0.00000000029271715550323496
36,10,37.05158017705278
36,11,35.81557797642228
36,12,32.848035211200816
36,13,33.82077348922089
36,14,30.07745323156707
36,15,29.705750187048157
36,16,28.1919816281398
36,17,27.137696633876008
36,18,25.325955754195274
36,19,25.272985173851367
36,20,23.748543975482846
36,21,23.272317366913523
36,22,21.959481510523403
36,23,22.080416134878803
36,24,20.276940502420626
36,25,19.198329393062313
36,26,18.488251421712217
36,27,16.96369797723129
36,28,16.07131788698635
36,29,14.884730072364006
36,30,13.574980277275369
36,31,10.97239564199409
36,32,10.04641213854975
36,33,6.95276737117997
36,34,5.00113666225533
36,35,2.122098307771694
36,36,0.000008101877291096276
36,37,0.000000000017339067798427032
36,38,0.00000000005729954582724301
36,39,0.000000000004632155969153953
36,40,0.0000000000790653541577461
37,10,37.89144801052342
37,11,34.932621644066444
37,12,32.79656598137158
37,13,30.292920358606423
37,14,29.723154484861013
37,15,27.074425954398578
37,16,26.325520270999437
37,17,25.66388079427643
37,18,23.289592822399968
37,19,23.145364531719032
37,20,21.82360830790247
37,21,21.09554510765331
37,22,20.184940000789993
37,23,19.21291871576812
37,24,18.836864499902468
37,25,17.431939423049936
37,26,14.978887598166752
37,27,16.247948434824185
37,28,13.160509367703433
37,29,12.97000693155879
37,30,11.702274575458562
37,31,9.721886181768472
37,32,8.1386904565581
37,33,6.158354057577471
37,34,3.6383802503855893
37,35,2.345103579596228
37,36,0.000000000015658457148185076
37,37,0.000000000006788227320406674
37,38,0.0000000005235326108538588
37,39,0.000000000003517277859562081
37,40,0.000000000005442551533906893
38,10,34.14778494596024
38,11,34.79565196375935
38,12,31.543573057028002
38,13,30.88958235550398
38,14,28.4839756383248
38,15,26.90423602120236
38,16,23.40113497263645
38,17,24.063166810183425
38,18,22.65963280544142
38,19,22.03420106505807
38,20,18.67302397058749
38,21,20.267931792752197
38,22,18.399225605914225
38,23,17.532530813896198
38,24,15.747590907469306
38,25,14.881862649785282
38,26,13.45505156646462
38,27,12.20767907466458
38,28,10.826259028965367
38,29,10.491689646955363
38,30,8.28126857391041
38,31,5.751487405884185
38,32,4.319750264852739
38,33,1.8504587802750798
38,34,2.8059085620531454
38,35,0.000000000010067151733324429
38,36,0.000000000012909328018948093
38,37,0.000000000004517374997354406
38,38,0.0000000018854564235456505
38,39,0.000000000003790710820924614
38,40,0.000000000006439622692314368
39,10,33.60346240673698
39,11,32.441493738216046
39,12,28.287547635971553
39,13,28.971051785702965
39,14,27.314475667824375
39,15,25.813945152500715
39,16,24.550350199750714
39,17,22.675073998085995
39,18,20.719070189079176
39,19,21.693789511393987
39,20,19.234032024230338
39,21,19.587128759815762
39,22,19.060909081121054
39,23,17.2164719025552
39,24,14.979812204106597
39,25,16.196205042921314
39,26,12.982420239980751
39,27,13.070572332719706
39,28,10.187161146664378
39,29,8.704480485520188
39,30,8.026280790944902
39,31,5.4551772129097555
39,32,1.8551652590905803
39,33,2.822231101650888
39,34,0.00000000003498542990808211
39,35,0.000000000018525406772600855
39,36,0.000000000008392708217366953
39,37,0.000000000004370856097517602
39,38,0.0000000005441367703795363
39,39,0.000000000004950477310103266
39,40,0.000000000011055039287206504
40,10,32.7251869082062
40,11,32.99068238312855
40,12,28.583526414740607
40,13,28.246081357033543
40,14,22.951789475861254
40,15,24.742890377836957
40,16,20.89992292601965
40,17,21.60643996080577
40,18,19.02358851242808
40,19,20.083104420060142
40,20,17.138000625465676
40,21,18.30377425622923
40,22,14.852004670918221
40,23,13.954623097890966
40,24,13.081403934900079
40,25,12.385750987959389
40,26,11.135319663750774
40,27,9.930462467520163
40,28,8.274225234760609
40,29,6.289865235369961
40,30,5.422996635861335
40,31,3.089369075331681
40,32,2.626594771638638
40,33,0.00000000001727446556734513
40,34,1.9165646864832275
40,35,0.000000000005457120973730882
40,36,0.000000000007670625744803941
40,37,0.000000000004282363359994638
40,38,0.00000000000679725103408386
40,39,0.0000000000046128600017464366
40,40,0.000000000003858387807664452
41,10,32.120581946302096
41,11,31.1007830192822
41,12,28.238449263223746
41,13,26.077457101994742
41,14,24.956874557695553
41,15,22.73925143066157
41,16,20.80524619644452
41,17,20.27165862415148
41,18,17.748850538989135
41,19,18.815926337201308
41,20,16.30544897958062
41,21,16.64585200139742
41,22,15.131200000190095
41,23,14.944562572330913
41,24,11.687339968492418
41,25,12.550383852738412
41,26,9.976519816859083
41,27,9.085818604870589
41,28,7.62616888857695
41,29,5.657580958310757
41,30,4.247459265541752
41,31,3.4048840137931915
41,32,0.00000000003133185132372695
41,33,0.000000000010035421502124896
41,34,0.00000027767238033437655
41,35,0.000000000010066919331136296
41,36,0.00000000002092571301097696
41,37,0.000000000003648899872373409
41,38,0.000000000009167147262717064
41,39,0.0000000000030382766876751878
41,40,0.0000691380788432626
42,10,31.113823938783067
42,11,30.524263829905568
42,12,27.634094630239023
42,13,25.686507716189347
42,14,23.8702991217946
42,15,23.568461128255286
42,16,21.46429811527239
42,17,19.36083555480323
42,18,18.411870619690127
42,19,18.399700127965946
42,20,16.867115185482522
42,21,16.64941646644109
42,22,14.313299213317418
42,23,12.597555525535943
42,24,12.154222751550627
42,25,10.715590993453075
42,26,10.380845986567019
42,27,8.54290413733155
42,28,5.44361629267291
42,29,3.1984399650912305
42,30,2.8904981975705772
42,31,0.000000000017709287512857423
42,32,0.00000000022581070098362007
42,33,0.000000000022216800125439322
42,34,0.000000000008568209774564034
42,35,0.000000000004959773302932774
42,36,0.0000000006001689051124587
42,37,0.000000000004886114720632487
42,38,0.00000000010761290844416893
42,39,0.000000000011852117744266274
42,40,0.0000000001481517525334015
43,10,31.124045080681434
43,11,29.636308173526597
43,12,26.41320864270267
43,13,24.38554798037874
43,14,23.350476944247948
43,15,21.15024212329598
43,16,19.566444699796758
43,17,19.329442681564434
43,18,16.795744821876518
43,19,16.425383683127432
43,20,15.972262241067154
43,21,13.972576904077513
43,22,13.376021038426655
43,23,11.918567519801517
43,24,11.223697561870845
43,25,9.440776970675673
43,26,9.085922706382783
43,27,6.874754900810745
43,28,6.413537620610284
43,29,3.736688891342174
43,30,1.8372330696346666
43,31,0.000000000027167236602662703
43,32,0.00000000034422293967700246
43,33,0.000000000005937529630799312
43,34,0.00000000002318510045407697
43,35,0.000000000005197192924782104
43,36,0.000000000009606438327923458
43,37,0.0000000000028771710784467495
43,38,0.000005165188418589697
43,39,0.000000000003123446097458545
43,40,0.000000000002495444110672875
44,10,30.074596279538735
44,11,29.24497470333818
44,12,25.930016189503803
44,13,23.550850380361833
44,14,21.77170838346843
44,15,20.011334233700598
44,16,18.588928017507552
44,17,18.29052201971507
44,18,16.14903530339343
44,19,15.257881520783348
44,20,14.341782032330897
44,21,13.651662956057462
44,22,12.341573474101645
44,23,12.70961213293455
44,24,10.495396024539463
44,25,8.977943443299996
44,26,8.854755653387517
44,27,6.097550769958912
44,28,3.0245303667713643
44,29,0.00000000004265772543544569
44,30,2.675029780534721
44,31,0.000000000008335035000173492
44,32,0.00000000001008435440286492
44,33,0.00000000033154044045538296
44,34,0.000000000367448328550778
44,35,0.0000000000033034679953729176
44,36,0.000000000002964931429643877
44,37,0.000000000003676807212491913
44,38,0.0000000020029897145356096
44,39,0.00000000000340363068205119
44,40,0.000000000002773063227074296
45,10,29.489868768739875
45,11,27.60414456841208
45,12,24.955449301883345
45,13,23.475059301344192
45,14,20.590489831244884
45,15,19.80004244243491
45,16,17.039347449956235
45,17,16.21830498500165
45,18,14.978978990548448
45,19,14.224123839965765
45,20,13.089181254122924
45,21,11.902453843284823
45,22,11.345506504594113
45,23,9.214510333468027
45,24,8.421320984454615
45,25,7.053244628894806
45,26,6.701972476196112
45,27,4.1479625071689625
45,28,1.9380892114751034
45,29,0.000000000020050173653797062
45,30,0.000000000015076965155600765
45,31,0.000000000007544694649442924
45,32,0.00000000007788822183960819
45,33,0.0000000000058643817467852965
45,34,0.00000000021788353850427654
45,35,0.0000000000034641565035415165
45,36,0.000000000031432232195298355
45,37,0.000000000004462923627928282
45,38,0.00000000003107440405891368
45,39,0.0000000000026176303045192934
45,40,0.0000000000021306893360431525
46,10,29.327578916218222
46,11,28.549106272886934
46,12,24.235179725875874
46,13,23.025401673544717
46,14,20.59319090487145
46,15,18.34392264828876
46,16,17.289027135072384
46,17,16.737368284438265
46,18,15.247107290934622
46,19,13.107909055317146
46,20,13.31474397551156
46,21,11.511369356554724
46,22,10.626820181807254
46,23,8.902858238758338
46,24,8.397174240108132
46,25,6.712432601080264
46,26,4.4646811008611005
46,27,2.543396810847786
46,28,0.5353126570741589
46,29,0.000000000009440355682282977
46,30,0.00000000003973391775400304
46,31,0.000000000005658551309616889
46,32,0.0000000006896190423823767
46,33,0.000000000003868361574783325
46,34,0.000000000004092722843631969
46,35,0.0000000000026918930102788414
46,36,0.000000000005051545137856559
46,37,0.000000000002205679911330011
46,38,0.00000000016289587770501148
46,39,0.000000000002259082720504541
46,40,0.0000003484222471113586
47,10,28.550859397038852
47,11,27.00718348986384
47,12,23.71855543354263
47,13,21.497378541487695
47,14,20.275143755410394
47,15,18.389315818176566
47,16,17.06045787505809
47,17,15.529781363569473
47,18,15.382638816854763
47,19,12.700544077182037
47,20,10.664432273458411
47,21,10.711186542935526
47,22,8.859668776896324
47,23,7.535729395712287
47,24,6.04044999556055
47,25,4.025346380049411
47,26,3.5444358359826835
47,27,1.351060319246178
47,28,0.0000000004713276461817431
47,29,0.000000000009189937156850763
47,30,0.000000000008168915837436607
47,31,0.000000000006373950779681594
47,32,0.00000000001101079863435991
47,33,0.000000000003423954327573723
47,34,0.00000000000635568044314974
47,35,0.0000000000023949632882677844
47,36,0.00000000007144021782202493
47,37,0.0000000000031276405690879315
47,38,0.000000000016043241587230468
47,39,0.000000000001933537780867183
47,40,0.000000000007226825215019164
48,10,27.892847953190785
48,11,26.984354067911923
48,12,23.202649770166843
48,13,22.045144290117335
48,14,19.389745962424726
48,15,18.177930656471812
48,16,14.979219237319441
48,17,14.893243687742492
48,18,13.55358559493602
48,19,12.366778432574614
48,20,10.614008941248684
48,21,9.662444540263936
48,22,9.140652561798762
48,23,6.878589413924601
48,24,5.275183029292897
48,25,3.8379360769140543
48,26,2.4475229786130193
48,27,0.000000000034258240190278526
48,28,0.000000000022842648584375162
48,29,0.00009605258471428866
48,30,0.0000000000284744143809666
48,31,0.000000000004409667855548088
48,32,0.000000000007846137905370128
48,33,0.000000000020445403789271798
48,34,0.0000000004567237223046738
48,35,0.0000000000025390204642951747
48,36,0.0000000000031299293325146246
48,37,0.0000000000020165478180929137
48,38,0.000000005763477943981303
48,39,0.000000000002453992494472213
48,40,0.000000000004857579238974796
49,10,27.769054212582553
49,11,26.64821958276562
49,12,23.14681209135254
49,13,21.732510097906427
49,14,19.398499397514286
49,15,16.103397481747162
49,16,15.435733568535781
49,17,13.90790585013911
49,18,13.435769478160656
49,19,11.902744132277595
49,20,10.11462231624251
49,21,9.53149933048478
49,22,7.242295144832378
49,23,6.023124730327822
49,24,5.327877541502251
49,25,3.569801819571001
49,26,1.9279679959192288
49,27,0.000000000012475341267906264
49,28,0.000000000010657744865653508
49,29,0.000000000003826003742525972
49,30,0.0000000000059222792029123644
49,31,0.000000000003676949592776595
49,32,0.000000000005097982480251991
49,33,0.0000000000021630071256515405
49,34,0.000000000003250534731091297
49,35,0.000000000002137192932729239
49,36,0.000000000013961595480074309
49,37,0.0000000000016681062932907753
49,38,0.0000000000027804677535308274
49,39,0.000000000002823314075786857
49,40,0.00000000010019026982757986
50,10,28.101309687495647
50,11,26.686418414484148
50,12,22.922806849703857
50,13,20.906984063817287
50,14,19.46795169632361
50,15,16.879827349449137
50,16,15.521363354061553
50,17,14.762386306810267
50,18,12.019893264124175
50,19,11.051114760045124
50,20,10.454942828396828
50,21,8.862050542318034
50,22,7.100459637853579
50,23,5.6693900133582265
50,24,4.434216628380863
50,25,1.1972876482087709
50,26,1.5571380084650823
50,27,0.000000000007747019021471745
50,28,0.0060549739180398715
50,29,0.000000000004430866251888531
50,30,0.000000000005937613930674489
50,31,0.000000000003622135285701162
50,32,0.0007689079466363374
50,33,0.0000000000025033765945472935
50,34,0.00000000009855952855155144
50,35,0.0000000000026311361976088344
50,36,0.000000009150924719368205
50,37,0.0000000000032507123454229077
50,38,0.000000000959159953431394
50,39,0.000000000053468708061212866
50,40,0.000000000002696533584456368
51,10,27.01397836957642
51,11,26.13440131043756
51,12,22.415880240863824
51,13,20.516423089974904
51,14,18.447923409255964
51,15,15.753647399624644
51,16,14.017976664921566
51,17,13.282258693688563
51,18,12.211366594392436
51,19,10.598185216983643
51,20,8.034642197601615
51,21,7.406735756557836
51,22,6.398297391771407
51,23,4.548819229169571
51,24,2.6961416931936615
51,25,1.2314713312257641
51,26,0.14144806980320815
51,27,0.000000000006670034551835252
51,28,0.0000000007708387772048092
51,29,0.000000000003794993537250883
51,30,0.000000000008119409201509798
51,31,0.0000000000023403901034152162
51,32,0.00000000023352035361377895
51,33,0.0000000000021092029998005667
51,34,0.000000000004030905069245661
51,35,0.0000000000015280247408281914
51,36,0.000000000021376691380801184
51,37,0.000000000002375858983185648
51,38,0.00000000035191373136311543
51,39,0.000000000001981901734055741
51,40,0.0000000000020458652496275718
52,10,27.46322001217141
52,11,26.029581078851535
52,12,22.816129401893896
52,13,20.68199528630291
52,14,18.50255234964395
52,15,16.180998700609052
52,16,13.91613673755785
52,17,13.77360802876397
52,18,11.491719625018236
52,19,10.270953089649192
52,20,8.406986174530077
52,21,6.638414665492769
52,22,6.5781185581096455
52,23,3.5233482880588096
52,24,2.6913600322465925
52,25,0.00000000003647167596678782
52,26,1.5274141912372499
52,27,0.00000000000928492236556443
52,28,0.000000000017655114746428553
52,29,0.000000000006100731026697591
52,30,0.000002251721398744402
52,31,0.00000000000383387102164082
52,32,0.000000000003577831818749289
52,33,0.0000000000039724188174295775
52,34,0.00000000004833997901688197
52,35,0.000000000005660453284173163
52,36,0.00000708347935623404
52,37,0.0000000000032451373678563096
52,38,0.00010973321400095361
52,39,0.0000000000022415843047223893
52,40,0.000000005713189401135633
53,10,26.722836615360315
53,11,25.76467352130874
53,12,23.426074774669143
53,13,20.29545906537921
53,14,17.73661024980391
53,15,16.166158421546207
53,16,12.965543237548909
53,17,11.672732509653594
53,18,10.98341145120538
53,19,10.005326034639872
53,20,8.411599766087484
53,21,6.175359378288465
53,22,5.348636714227787
53,23,4.020891511478112
53,24,1.5974667737167636
53,25,0.00000000001377524224434762
53,26,0.0000000029898935138065276
53,27,0.000000000004913408988137359
53,28,0.000000005508965825816271
53,29,0.000000000002848720804072284
53,30,0.000000000005428320756942816
53,31,0.0000000000022865234617566383
53,32,0.00000000006540147106080805
53,33,0.000018097850558678393
53,34,0.000000000031190802270124885
53,35,0.000000000002735652050819595
53,36,0.00000000019810455126142034
53,37,0.00003087240579354558
53,38,0.0000000001552260576528642
53,39,0.0000000000017029121449125427
53,40,0.0000000009487604638968705
54,10,27.06067556977817
54,11,25.657044495595034
54,12,22.590414841269418
54,13,19.76108049783524
54,14,17.66481483307885
54,15,15.56749341084044
54,16,13.006064066793671
54,17,11.348680596607508
54,18,10.625412453652226
54,19,9.29722251822183
54,20,8.406787112883682
54,21,5.448284840274172
54,22,4.480955294580541
54,23,2.517998344946612
54,24,1.584410056326117
54,25,0.000000000007980142109458402
54,26,0.00000000001799735579130727
54,27,0.000000000004719274180212737
54,28,0.0000019003491030954523
54,29,0.000000000003041432978167516
54,30,0.0000019782395725019106
54,31,0.0000000000021426879475798683
54,32,0.0000000000394392977410576
54,33,0.000000000002726418802867065
54,34,0.0000005730667574697327
54,35,0.000000000003181893623363168
54,36,0.000000031881325460116986
54,37,0.0000000000020896772363021004
54,38,0.0000004894741362062211
54,39,0.00000000003025245294563874
54,40,0.0000000000018484710102971557
55,10,26.294468690338782
55,11,25.29407098900433
55,12,23.016794353031127
55,13,19.66432511311638
55,14,17.907699416781945
55,15,15.473047150259578
55,16,13.463777621960691
55,17,12.063040681135808
55,18,10.698274477464063
55,19,8.767515127775992
55,20,7.763189318028475
55,21,5.330108005387558
55,22,3.870977037167398
55,23,1.7618161650672008
55,24,0.18929628269028903
55,25,0.000000000007207899985524728
55,26,0.0001372515341067758
55,27,0.0000000000035054873667064763
55,28,0.00000000001759734749560594
55,29,0.0000000000020282900447306386
55,30,0.00000000027723468058144613
55,31,0.00000000000319148591230106
55,32,0.00000011629416466958287
55,33,0.000000000002285544999920202
55,34,0.00000000019529538627859515
55,35,0.0000000000019619388510898066
55,36,0.0000000006907922634943403
55,37,0.000000002041714328966838
55,38,0.000000000023437789407039907
55,39,0.0000000000015445415071020155
55,40,0.00000000006303879186689456
56,10,26.33564082306669
56,11,25.632231892459906
56,12,22.77457021656535
56,13,19.691121273465804
56,14,17.555247381606385
56,15,14.78870854608473
56,16,12.626025395351846
56,17,11.530532489689675
56,18,9.622979288259028
56,19,8.690785822544099
56,20,6.404116796253515
56,21,3.988137203523275
56,22,2.9145184655784853
56,23,0.00000000004809684655131775
56,24,1.549954993607288
56,25,0.00000000000567447059628854
56,26,0.0000000006007413590621844
56,27,0.000004014431127980375
56,28,0.00000003481327015555979
56,29,0.000000000002520243676918084
56,30,0.0000000000025957362497427544
56,31,0.00000000021300126057201604
56,32,0.000000007640543905537942
56,33,0.0000019833467435504113
56,34,0.000000001482399785097023
56,35,0.0000000000020161567481868107
56,36,0.0000000000017397880489556601
56,37,0.000017926292671386476
56,38,0.0000000000016284130521078057
56,39,0.0000000000015439840359043536
56,40,0.0000000000013563408646109007
57,10,26.184181867656303
57,11,25.098646126013758
57,12,22.779765740420522
57,13,18.32343142215545
57,14,17.575811944981755
57,15,14.270384319167317
57,16,12.707119102171319
57,17,10.354968811248641
57,18,9.68046020047467
57,19,7.509897044607753
57,20,5.51179688348605
57,21,3.4032731973952397
57,22,2.971378714515204
57,23,0.000000000020121269637613954
57,24,0.000000000016658506147502185
57,25,0.000000000004145225732124407
57,26,0.0000000000047030250976011055
57,27,0.0000000000025820624228809424
57,28,0.0000000000027931894518722028
57,29,0.00000000023127662486820313
57,30,0.000000000011092875789030144
57,31,0.000000000003558516956615423
57,32,0.000000000040759012624702885
57,33,0.00000021655111838892266
57,34,0.000000000018039055723852565
57,35,0.0000000000016585429289436938
57,36,0.0000000000019734140515478186
57,37,0.0000000000015849023341318072
57,38,0.000000028507155804972615
57,39,0.0000000000012452071346647216
57,40,0.0000000000015125456237638646
58,10,25.531824179535914
58,11,25.569957661699604
58,12,22.640594893569062
58,13,18.981765311291497
58,14,16.887361836302144
58,15,14.165112688837356
58,16,11.817128354461616
58,17,10.620478484974436
58,18,9.522755279774211
58,19,7.254526391000317
58,20,5.34989589356457
58,21,2.4536474924796976
58,22,2.7329040449604705
58,23,0.000000000011819191200097907
58,24,0.000000000523474668613507
58,25,0.000000000004710784933747953
58,26,0.0000000000282756910462719
58,27,0.0000000000023609894875647646
58,28,0.000000000008716276614063083
58,29,0.0000000000024078661786700587
58,30,0.00000000016351542420372597
58,31,0.000025478532542844376
58,32,0.0000000033852853958309065
58,33,0.0000000007041817547413844
58,34,0.0000000000021915697352464215
58,35,0.0000000000014505348069321803
58,36,0.0000000001581387598797192
58,37,0.0000000000013203482540079659
58,38,0.0000000000016135918220156937
58,39,0.0000000000013566379434134564
58,40,0.0000000000010745625796464016
59,10,25.543345922191058
59,11,24.984939831437696
59,12,22.449745440878562
59,13,19.14132360479658
59,14,16.851034840399283
59,15,13.549062553408337
59,16,11.843151514671522
59,17,9.414510134800475
59,18,8.920880101482505
59,19,6.102352844988387
59,20,5.466402686830161
59,21,1.6498605547018979
59,22,2.38856833960635
59,23,0.000000000007422968513335127
59,24,0.000000000008283922994233537
59,25,0.000000000003503550703647223
59,26,0.000000000004364006973740739
59,27,0.0000000000018960496992478804
59,28,0.000000000012198104679103534
59,29,0.0000000000035114159346032027
59,30,0.00000000044481225833124363
59,31,0.0000000000022056718998426015
59,32,0.000000000012006610232066035
59,33,0.0000000002633772004413333
59,34,0.0000000000015767018665246113
59,35,0.0000000000013377038660722904
59,36,0.0000000002234161586051941
59,37,0.0000000000012945559129861598
59,38,0.0000000000047159213694056026
59,39,0.0000000000011077801282767969
59,40,0.000000000008933393487117404
60,10,25.534870959854487
60,11,25.06406080340175
60,12,22.814420260839444
60,13,18.09792476210361
60,14,17.067424420395074
60,15,14.45855780270959
60,16,12.365432020299497
60,17,9.597280311353911
60,18,8.6925420029128
60,19,6.072859995789205
60,20,5.410022590499727
60,21,0.7303826889374063
60,22,1.9956192178913863
60,23,0.0000000000057994650808504975
60,24,0.000000000034808883160456226
60,25,0.000000000002865901657676403
60,26,0.0000008300561290710867
60,27,0.00000000006387243506347984
60,28,0.000000000006457948352758355
60,29,0.000000005886586142813115
60,30,0.00000000011162236435263783
60,31,0.0000000020769703166548984
60,32,0.0000000000197869226594889
60,33,0.0000000000014864572497994547
60,34,0.0000000016932358819985621
60,35,0.000000000001265684497610196
60,36,0.000000003745940513878463
60,37,0.0000000000011787390280728796
60,38,0.000016987930229512775
60,39,0.0000000000011497171556360206
60,40,0.000000040092084407497115
61,10,25.60435894497516
61,11,23.6150949330477
61,12,22.67812141286884
61,13,19.501573703825095
61,14,16.20477949364113
61,15,12.538836298606261
61,16,11.941489720844126
61,17,9.427296125379323
61,18,8.752614595679143
61,19,4.895830780091562
61,20,4.346008574439294
61,21,0.4853462370661007
61,22,0.4497828626049241
61,23,0.000000000004703301141720225
61,24,0.00000000000490702153881541
61,25,0.000000000003084747026425326
61,26,0.00000000007780840473840008
61,27,0.000000000004456904172914638
61,28,0.00000000008246175947992407
61,29,0.00000000030705139667975215
61,30,0.0000000000027371769405799324
61,31,0.0000000000019527814909749548
61,32,0.00000000006833401941118706
61,33,0.0000000000014377035746969478
61,34,0.000000000006955342302858339
61,35,0.0000000000013620738014192071
61,36,0.000000000002091826900400722
61,37,0.0000000000011036130017298502
61,38,0.000000000001941042212969911
61,39,0.0000000000010549509075093736
61,40,0.00000000003092814138259829
62,10,24.77822267193073
62,11,23.752705365902656
62,12,22.1973952874036
62,13,18.204625544017116
62,14,16.88533956590626
62,15,13.089952347433828
62,16,11.687148436140298
62,17,9.758220894195677
62,18,8.371900845905998
62,19,4.384743320961026
62,20,3.03037233975999
62,21,0.00000000002427824581058438
62,22,1.9104754306271645
62,23,0.00003952762440986979
62,24,0.000000000008719011327257186
62,25,0.000000000002621559032541959
62,26,0.00000000015234159206298187
62,27,0.0000000000027312985664114854
62,28,0.00000000002861764772908593
62,29,0.0000000004561181692272754
62,30,0.0000000014280467631224743
62,31,0.000000000002033258554187719
62,32,0.0000000000388007431705997
62,33,0.000000000031181038527050736
62,34,0.0000000005392117133436256
62,35,0.0000000000012577272911316916
62,36,0.000000024523825276776544
62,37,0.0000000000010228707296521646
62,38,0.0000000011144452476238405
62,39,0.000000000000924021120283993
62,40,0.000000002578868591423709
63,10,24.838894181198146
63,11,24.50682957050225
63,12,22.75706336329497
63,13,18.445717576036678
63,14,17.097215021236284
63,15,13.831981470274894
63,16,11.355074664247896
63,17,9.576305631155128
63,18,9.117203716096002
63,19,4.0120637454399235
63,20,4.016534967905
63,21,0.00000000001653516901394805
63,22,0.0000000000831149224912353
63,23,0.000000000004018665393961752
63,24,0.000000000020735488303437993
63,25,0.000000000002515537447304428
63,26,0.000000000009724662082574748
63,27,0.0000000000024520568458707263
63,28,0.00000000018719532335999105
63,29,0.0000000000016571398877610582
63,30,0.0000000003633444682927976
63,31,0.0000000000013599999776506716
63,32,0.00000000006185273890412003
63,33,0.0000000000013342475210674336
63,34,0.00000006008683607894214
63,35,0.0000000000011012757287255123
63,36,0.0000000000017631948597538016
63,37,0.0000000000010075236349429147
63,38,0.000000000011878680275907514
63,39,0.0000000000008812092612679136
63,40,0.00000000006417148565904256
64,10,25.542953295464223
64,11,25.030990822812235
64,12,22.547673336012707
64,13,18.432029819641524
64,14,16.046607069891884
64,15,12.30289203813072
64,16,11.532438510135973
64,17,8.532400064765476
64,18,7.702070364751143
64,19,3.6183096039069556
64,20,3.033900620538204
64,21,0.000000000019614428187415863
64,22,0.00000000007332753207688131
64,23,0.000000000003591255601591656
64,24,0.00000014106054785756902
64,25,0.000000000002743446886093557
64,26,0.000000003785080578917561
64,27,0.00011260988244179529
64,28,0.000000007850656326202003
64,29,0.0000000000017237073396110033
64,30,0.0000000000027928876782688797
64,31,0.0000000000012733787698738176
64,32,0.0000000013448095242315861
64,33,0.0000000000012777987866690252
64,34,0.0000000000031579551385020098
64,35,0.0000000000012238428863836594
64,36,0.00000000003506755120597345
64,37,0.000000000001219477566610213
64,38,0.000005836735066042508
64,39,0.0000000000008971520447880576
64,40,0.00000000780921094307146
65,10,24.579969213059105
65,11,25.09805762135747
65,12,22.159321160810137
65,13,18.600478626431478
65,14,16.875017541636904
65,15,13.398619472833907
65,16,11.061202214644402
65,17,7.855739105320172
65,18,7.466826753639943
65,19,2.8148395819901526
65,20,2.4277261597188264
65,21,0.00000000000922135284337029
65,22,0.00000000012315895217391184
65,23,0.000061019239734058356
65,24,0.000000000049814709516911296
65,25,0.0000000000031610902451390804
65,26,0.000000000346689690746732
65,27,0.000000000014278575643699383
65,28,0.00000000027328458194438284
65,29,0.000000000001620861395694736
65,30,0.00000000008660948255965813
65,31,0.0000000000012201227289951311
65,32,0.0000000011925985286746867
65,33,0.0000000000010875888254254264
65,34,0.0000000000016048532248126495
65,35,0.0000000000010640165214706311
65,36,0.0000000007693468053234633
65,37,0.0000000000010178108842130458
65,38,0.00000000005219306908561988
65,39,0.0000000000008505169083213861
65,40,0.0000000004022248202721927
66,10,25.150213084243937
66,11,24.307636488119247
66,12,22.41350520659007
66,13,18.035390094383807
66,14,16.481126364198875
66,15,12.197122930206252
66,16,10.975730826319454
66,17,7.957488319773133
66,18,6.712494127166682
66,19,1.4825211691303182
66,20,2.4958124598634677
66,21,0.00000000000821822142661419
66,22,0.000000000034907078509139333
66,23,0.000000000002805155484244672
66,24,0.0000000011375263968200745
66,25,0.000000000003837326762849809
66,26,0.00002138412551677962
66,27,0.0000000010324397483534874
66,28,0.0000000001064855124756471
66,29,0.0000000000016197503852071208
66,30,0.00043918408440021687
66,31,0.0000000000013295419867848914
66,32,0.00000006810194649645553
66,33,0.0000000000012027711734284013
66,34,0.000000003555863308040666
66,35,0.0000000000010580501002586044
66,36,0.00000036680623839312636
66,37,0.00010215118424431226
66,38,0.0000000000008507093201608302
66,39,0.00000000001399611044557014
66,40,0.0000000000009183581915540828
67,10,24.95178122297025
67,11,24.95268331123305
67,12,21.896499706829335
67,13,18.55275454373226
67,14,15.679132683845678
67,15,12.28084234122319
67,16,10.745307536890929
67,17,7.494728401202193
67,18,6.12626362168803
67,19,0.6841901288725332
67,20,2.3008779011250287
67,21,0.000000000007235550612228766
67,22,0.000000000023868813147907794
67,23,0.0000000000032127347096918176
67,24,0.000000000005416782524865152
67,25,0.000000000002912479939178766
67,26,0.00000000004254210703958969
67,27,0.000000000012105046224073669
67,28,0.000000000014194335237112671
67,29,0.000000000001356974917780664
67,30,0.00000000000283258558590495
67,31,0.000000000001144001453255822
67,32,0.0000000001558040475314623
67,33,0.000000000000972162429588248
67,34,0.00000000001947645165216633
67,35,0.0000000000009441163265018814
67,36,0.00000000002187558907055581
67,37,0.0000000000009304329957195106
67,38,0.000000000005123842721992942
67,39,0.0000000000008207818285328341
67,40,0.000000014817870182400423
68,10,25.34895299248987
68,11,24.40977881530429
68,12,22.12949689674384
68,13,18.048754354553328
68,14,15.929329484616042
68,15,12.827968589028677
68,16,9.938807489221304
68,17,7.751041325941766
68,18,6.128471689105458
68,19,0.0000000006391112667985532
68,20,2.4247545544173876
68,21,0.00000000030222088974568415
68,22,0.0000000006046652259359386
68,23,0.000000000003290694209278201
68,24,0.0000000000032458388056290408
68,25,0.0000000000022816301015327825
68,26,0.0000000003771329620466289
68,27,0.0000000000016756185446067849
68,28,0.00000000019732640449824743
68,29,0.0000000000013538866308644485
68,30,0.0000011918441937851818
68,31,0.0000000000013685185976174877
68,32,0.00000023418555909309156
68,33,0.000000000001027175995274371
68,34,0.000000000549330902481561
68,35,0.0000000000010087941470825727
68,36,0.000000000034861317607009756
68,37,0.0000000000009171838522843998
68,38,0.00000000009232001798048954
68,39,0.0000000000008601477253840993
68,40,0.0000000000007988531793617223
69,10,25.69523505246874
69,11,24.86071287370681
69,12,21.845090179921996
69,13,17.593944876716343
69,14,15.529585298109879
69,15,11.441468994477658
69,16,10.067302958034357
69,17,5.513612208136981
69,18,5.229599097106728
69,19,0.00000000017166427030113342
69,20,1.0089009084301437
69,21,0.000000000004302500777965542
69,22,0.00000000016035081939985614
69,23,0.000000000004182017960294069
69,24,0.00000000002925310648095441
69,25,0.000000000012969228982716235
69,26,0.0000000002119634656902631
69,27,0.0000000000016977714922265567
69,28,0.00000000014932233489527854
69,29,0.0000000006142147047994975
69,30,0.00000000002445203685078547
69,31,0.000000000001223179289093472
69,32,0.0000000012606720190104286
69,33,0.0000000000011027852575147251
69,34,0.00000000006210431145747495
69,35,0.0000000000009194451600522909
69,36,0.00000006766843299121327
69,37,0.0000000000009544698889681115
69,38,0.00000000007466821514004922
69,39,0.0000000017971073953410775
69,40,0.0000000001039805598870636
70,10,24.935527577707486
70,11,24.450441790573098
70,12,21.835299859268613
70,13,16.919760601261608
70,14,15.308217419747114
70,15,11.039745214218645
70,16,9.724443837863515
70,17,3.8368502284558286
70,18,3.2357850603545035
70,19,0.0000000000522953185942002
70,20,1.6290216631432524
70,21,0.0000000000052997570487663004
70,22,0.000000000006044200979913048
70,23,0.000000000003723545693637245
70,24,0.000000000005441080219486361
70,25,0.0000000000025700126392025402
70,26,0.00000000038356621378186875
70,27,0.0000000000016777764242068028
70,28,0.000000000585181413623703
70,29,0.0000000000012916465750875593
70,30,0.00000000876004484621399
70,31,0.0000000000011911235725550426
70,32,0.0000000023579931969948427
70,33,0.0000000000010228168403078723
70,34,0.0000000013810911178828807
70,35,0.0000000000011367416112488257
70,36,0.0000000000010007975021981722
70,37,0.0000000000008323436495136226
70,38,0.00000000039631433996315494
70,39,0.0000000000008223118137081527
70,40,0.0000000000008690090527203871
71,10,25.575864598989007
71,11,24.363344618882227
71,12,21.763979764189834
71,13,16.723233828599245
71,14,14.393032210432049
71,15,10.837221202508966
71,16,9.809939635153569
71,17,3.6466159653235564
71,18,2.809110201600265
71,19,0.00000000002622923303357659
71,20,0.0000000002247487733005468
71,21,0.0000000000065211204690086576
71,22,0.000000000020805632808891222
71,23,0.000000000003297661429010071
71,24,0.000000000012401010428421768
71,25,0.0000000000022191870090333186
71,26,0.000000000005073289644973765
71,27,0.000000000001406617145232798
71,28,0.0000000000691125425422976
71,29,0.0000000000012685654114568123
71,30,0.000000000052351326283724884
71,31,0.0000000000011518658831408645
71,32,0.0000000010393829213235562
71,33,0.0000000000010795714485882247
71,34,0.00000000011535816017109246
71,35,0.0000000000008670140665462193
71,36,0.0000000000035372849637267558
71,37,0.0000000000008623894664741843
71,38,0.00000000034072300032414113
71,39,0.0000000000007481287435283181
71,40,0.0005698085393324844
72,10,24.946712639604613
72,11,22.175206100895277
72,12,21.22131349161
72,13,16.896534809620103
72,14,13.454690172534898
72,15,10.4940043762498
72,16,8.985962103543779
72,17,2.675559533582384
72,18,3.094400223002329
72,19,0.000000000014035778122212127
72,20,0.0000000027590560242845903
72,21,0.000000000004555825792969655
72,22,0.000000000004567821678497915
72,23,0.000000000002778194123422907
72,24,0.000000000005167443515056984
72,25,0.0000000000029315987393224964
72,26,0.000000009208783002861977
72,27,0.0000000000018492259183919165
72,28,0.0000000030327080579154317
72,29,0.0000000000011497438351356477
72,30,0.000000497712248004621
72,31,0.0000000000010956951643251428
72,32,0.00000001992208334012701
72,33,0.0000000000009970519185042227
72,34,0.000000000000921956427338744
72,35,0.0000000000009465776976580886
72,36,0.00000003591566929517522
72,37,0.0000000000008419513977232898
72,38,0.000000000008977364192541674
72,39,0.0000000000007722302939578704
72,40,0.00000004750609405930261
73,10,24.982095771789147
73,11,21.160210576876924
73,12,21.421653711442108
73,13,16.399820919148876
73,14,13.225592395445902
73,15,9.374862811547949
73,16,9.191081067824173
73,17,2.635275711392167
73,18,1.9220213619549895
73,19,0.00000000008331269983411843
73,20,0.000000000049020582250171667
73,21,0.000000000003641127661820245
73,22,0.00000000008151920524947677
73,23,0.000000000003650019196498106
73,24,0.000000000048240459161338677
73,25,0.000000000002251121553025879
73,26,0.00000000018395838716228538
73,27,0.0000000000015875766034578099
73,28,0.0000000000022641199068632268
73,29,0.0000000000012731801737046605
73,30,0.0000000000016553497527320241
73,31,0.0000000000011035540672716326
73,32,0.00000000004987654147211572
73,33,0.0000000000064374492728033696
73,34,0.000017785923447050195
73,35,0.0001824254804950624
73,36,0.0000000000026706636809383324
73,37,0.0000000000008676300061496705
73,38,0.0000000000017253222169796308
73,39,0.00000000017350396218263636
73,40,0.00000000012810228225404592
74,10,24.335080978340137
74,11,22.120792023811042
74,12,21.471487642511864
74,13,16.039312446553577
74,14,12.35141337695255
74,15,9.196378270906857
74,16,8.668761184937829
74,17,1.9146960909383506
74,18,2.7432207514650266
74,19,0.000012986552914081831
74,20,0.0000000008585129755696411
74,21,0.0000000000046850282364188855
74,22,0.000000000005943057557360342
74,23,0.0000006463029792491395
74,24,0.0000000000046443930712059535
74,25,0.000000000002651904514997353
74,26,0.003560494054122697
74,27,0.0000000000016349637328221828
74,28,0.00000000001470599024791426
74,29,0.000000000008998109258306286
74,30,0.00000000022427283505253758
74,31,0.0000000000011295341461954835
74,32,0.000000000001328993878520946
74,33,0.0000000000012519363991833491
74,34,0.000000019014025296002094
74,35,0.0000000000009502768542830918
74,36,0.0000000000009764283178962163
74,37,0.00000000019978367132221038
74,38,0.000000000010523315959779817
74,39,0.0000000000007372277826501901
74,40,0.0000000016699044986779735
75,10,24.847626487184076
75,11,22.827754809387507
75,12,20.86254893342185
75,13,15.189877027119403
75,14,13.18525327818342
75,15,7.920261594844745
75,16,8.693819204708571
75,17,1.5700491903675613
75,18,2.3288762149048625
75,19,0.000000000011885469328226116
75,20,0.000000000016643028437873085
75,21,0.000000000005178153508465049
75,22,0.000000000008887415263810803
75,23,0.0000000000039249395045299716
75,24,0.00000000001631963747903324
75,25,0.0000000000023800837664749945
75,26,0.0000000011221085749131007
75,27,0.0000000000012842255622422742
75,28,0.0000000013662100492223394
75,29,0.000000000001339509891887652
75,30,0.000000000007080424515583012
75,31,0.000000000047789866705063335
75,32,0.000000000004184218098656733
75,33,0.0000000000010294204843940303
75,34,0.0000000004900864804804356
75,35,0.0000000000009305424148549371
75,36,0.00001581886534247978
75,37,0.0000000015308581339502012
75,38,0.000000001873051325684378
75,39,0.0000000000007552636607779394
75,40,0.000000000044959288035927635
76,10,24.8987818014699
76,11,22.46617914884802
76,12,20.06008131387178
76,13,14.338405036397782
76,14,12.558471037060237
76,15,6.532354286349238
76,16,7.611942728679577
76,17,0.0000000003789631412938775
76,18,2.453220952684593
76,19,0.000000000009838313877977055
76,20,0.00000000001129819155433773
76,21,0.000000000004622662881701486
76,22,0.000000000004416458652044633
76,23,0.000000000003565912085265716
76,24,0.0000000004809074516021397
76,25,0.0000000000022427932834029165
76,26,0.000000000012833655371046206
76,27,0.000000000001397042462411834
76,28,0.000000000001266204035442341
76,29,0.0000000000013787665726625464
76,30,0.000000008811987826304976
76,31,0.0000000000010039295502348673
76,32,0.00000005100669011054433
76,33,0.0000000000009239481410074892
76,34,0.0000000027780286400474255
76,35,0.0000000000008611541055488977
76,36,0.000000000049767833476349956
76,37,0.0000000000007823373998890472
76,38,0.000000004749787548107429
76,39,0.0000000000031887612133689792
76,40,0.000000041172505079127375
77,10,24.66041043770103
77,11,21.50797058005779
77,12,19.77780840995411
77,13,13.542782833094726
77,14,12.328704326583804
77,15,6.182321752848739
77,16,7.28153142772319
77,17,0.0000000000961161955075689
77,18,1.5563603294920862
77,19,0.000000000008039658411419505
77,20,0.0021431661701360022
77,21,0.0000000000048032461974643235
77,22,0.000000000025787852757838604
77,23,0.0000000000032770105837009334
77,24,0.000000000008248067302927326
77,25,0.0000000005800770958639954
77,26,0.0000000006272180487805335
77,27,0.0000000000017837974259774083
77,28,0.0000000000015107307630173554
77,29,0.000900921125069658
77,30,0.00000000005650953863310466
77,31,0.0000000000011156564310276337
77,32,0.00008592340022622583
77,33,0.0000000000009642730507472557
77,34,0.00000000010796881916434094
77,35,0.0000000000008691871317731746
77,36,0.000000000031967012468696556
77,37,0.0000000000008321578994900534
77,38,0.00000000008210697354601231
77,39,0.000000000000725638959220521
77,40,0.00000000004496917949420431
78,10,24.888436687075565
78,11,20.491125399079703
78,12,20.003441602196617
78,13,13.513303914449086
78,14,11.620760644566932
78,15,6.024998765286149
78,16,6.420111805108682
78,17,0.00000000005537275853744582
78,18,2.117762115956019
78,19,0.000000000009819323666364824
78,20,0.00000000000972256998116389
78,21,0.0000000000051217579025062985
78,22,0.00000000001776900484231172
78,23,0.000000000003464675202177723
78,24,0.0000000000034898250302076596
78,25,0.000000000001996604584210673
78,26,0.0000000000040880913671213395
78,27,0.0000000000015110191112932928
78,28,0.000000000016066522481198445
78,29,0.0000000000010752778799351286
78,30,0.00000005725319325596251
78,31,0.000000000001026502881935108
78,32,0.000000000001180398072451637
78,33,0.00019447802079801255
78,34,0.00000000003315367300352549
78,35,0.000000000000852009405574215
78,36,0.00000000000813928282299116
78,37,0.0000000000008107435614072864
78,38,0.000000004528601158156396
78,39,0.000000005894497598783033
78,40,0.00000000010871312611808201
79,10,25.444123420730968
79,11,21.920679841721444
79,12,20.40663697245621
79,13,13.681528724161817
79,14,11.228873967212822
79,15,5.613757640806906
79,16,6.952979892412303
79,17,0.00000000006497323436773263
79,18,0.00000000007190568408309093
79,19,0.00000000015134592779498223
79,20,0.000000000005959100545555477
79,21,0.0000008348522960840201
79,22,0.000000000003741392581634349
79,23,0.0000000000026184063290106077
79,24,0.000000000051410152968642925
79,25,0.000010371899721600394
79,26,0.000000000012573675454059519
79,27,0.0000000000016720352767472148
79,28,0.0000000034177074794712245
79,29,0.0000000000011171651562758072
79,30,0.0000000000615466031061212
79,31,0.0000000000009901193010031033
79,32,0.0000000008887633433435102
79,33,0.0000000000008775345339755406
79,34,0.00000013019353877767688
79,35,0.0000000000008378211651469706
79,36,0.000000055807814524167056
79,37,0.0000000000007924778572712644
79,38,0.000000000008704246667965153
79,39,0.000000000000745617706146572
79,40,0.0000000017525995823793612
80,10,24.546888966048723
80,11,20.370018849747453
80,12,20.041089234843046
80,13,14.446341472092056
80,14,10.547301818394692
80,15,3.9235402546082407
80,16,5.134960737481294
80,17,0.000000000016352048812902154
80,18,0.0000000000779965723298172
80,19,0.000000000006904372085586093
80,20,0.00000000032773950562242985
80,21,0.0000000000033240074279272906
80,22,0.00024291022399163995
80,23,0.0000000000020761386418486372
80,24,0.0000000024666779791075545
80,25,0.0000000000025685191929690044
80,26,0.000000000012359550553299535
80,27,0.000000000001587991249543138
80,28,0.00011715874994363442
80,29,0.0000000000013636495375157914
80,30,0.0000000001854159655903535
80,31,0.000000000001023663742857248
80,32,0.000000001700161107034658
80,33,0.0000000000010001339420874836
80,34,0.000000000013168125126756527
80,35,0.000000000000989225466623563
80,36,0.0000000024476797501219304
80,37,0.000000000001095070731877149
80,38,0.000000002859194088069356
80,39,0.000000003290886481343344
80,40,0.0000000000007475630238907465
10,41,48.83045905262762
10,42,48.3548270784552
10,43,48.63951871051917
10,44,48.218669582272156
10,45,48.56209049070228
10,46,48.17220973143729
10,47,48.309296917927
10,48,48.29852150665513
10,49,48.26331503958637
10,50,48.15867801075289
10,51,48.25347468142643
10,52,48.03016245052712
10,53,48.26344481433544
10,54,48.09612559039429
10,55,48.10365353260412
10,56,48.1384661945748
10,57,48.05012454651102
10,58,48.149303043668006
10,59,47.98491678283896
10,60,47.99491557797848
10,61,47.88785394189031
10,62,48.07451146704183
10,63,47.712063588626904
10,64,47.90720663823348
10,65,47.58514721006296
10,66,47.96032879151713
10,67,47.58162986537303
10,68,47.82019732857489
10,69,47.60022043048402
10,70,47.69917666267836
10,71,47.393833943527916
10,72,47.68512850627446
10,73,47.37264783032868
10,74,47.61407775362729
10,75,47.41839009124738
10,76,47.403789544367996
10,77,47.303940115969446
10,78,47.08215917294077
10,79,47.35780212979793
10,80,46.92685859017744
11,41,52.7876155160911
11,42,52.46450610297634
11,43,52.750323660946805
11,44,52.53111949142453
11,45,52.614075149737864
11,46,52.42256649786647
11,47,52.50493164775977
11,48,52.28674106392676
11,49,52.37360918023821
11,50,52.322611747618474
11,51,52.290407481511714
11,52,52.4248774538958
11,53,52.21388483528608
11,54,52.27015273083337
11,55,52.220832513879905
11,56,52.227165501281455
11,57,52.00461045711974
11,58,52.197679414012114
11,59,51.90397912960348
11,60,52.03508837129132
11,61,51.895731749468816
11,62,52.008073572625435
11,63,51.62204616039483
11,64,51.9761264357975
11,65,51.546106487768824
11,66,51.813411753646164
11,67,51.52614324854786
11,68,51.50168529865755
11,69,51.45755161161485
11,70,51.26077872315886
11,71,51.51147932965763
11,72,51.07268178027975
11,73,51.209503760715634
11,74,50.89910347160613
11,75,50.880438048990214
11,76,50.709914811338386
11,77,50.98170691302763
11,78,50.42220895975761
11,79,50.95864069751187
11,80,50.32737795332215
12,41,48.38072615974716
12,42,48.18934452113937
12,43,48.22189717526462
12,44,48.02599280597357
12,45,48.15604599343879
12,46,48.097912727456965
12,47,48.001759128334854
12,48,47.895079154566126
12,49,47.86487711082552
12,50,47.79277421304725
12,51,47.703117408372
12,52,47.76151983788322
12,53,47.30035923260707
12,54,47.60971190663973
12,55,47.37178632929439
12,56,47.34688848471716
12,57,47.401185132991536
12,58,47.368500581075395
12,59,47.035348754124605
12,60,47.15730547965403
12,61,46.80317341985382
12,62,47.022505454195326
12,63,46.601866636608
12,64,46.714625864162535
12,65,46.635188519684256
12,66,46.58513219716169
12,67,46.21399493465047
12,68,46.57589692650237
12,69,46.03135814228565
12,70,45.94923818157419
12,71,45.966078491859165
12,72,45.86384145225557
12,73,45.39082483400027
12,74,45.733911744136265
12,75,45.09729262718042
12,76,45.00523909173436
12,77,45.04448243149864
12,78,44.755482067723115
12,79,44.9955419080104
12,80,44.530269765976314
13,41,51.489542020770344
13,42,51.21866721223981
13,43,51.37050354107153
13,44,51.080663381566204
13,45,51.14522952761096
13,46,51.055771637953235
13,47,51.11771582935759
13,48,50.76778998490334
13,49,51.034082567469746
13,50,50.50264432280761
13,51,50.774621006241276
13,52,50.635191192448644
13,53,50.38547857707831
13,54,50.47099389907197
13,55,49.87015158764176
13,56,50.368774070284154
13,57,49.85697780194032
13,58,50.18071999123524
13,59,49.73351750753653
13,60,49.81502405500705
13,61,49.788968166939725
13,62,49.64399980455536
13,63,49.42791336675346
13,64,49.20354434372851
13,65,49.361722799125026
13,66,49.181414130402494
13,67,49.09494645447957
13,68,48.90119261297004
13,69,48.9320866493034
13,70,48.815492409113155
13,71,48.48881632393536
13,72,48.413595291248036
13,73,48.12050771039103
13,74,47.49016954039486
13,75,47.36884314566614
13,76,47.789992797282935
13,77,47.8395175326744
13,78,46.842595112463655
13,79,46.05443095594571
13,80,46.465368462695146
14,41,42.77504716510528
14,42,42.67270389314696
14,43,42.81205660846991
14,44,42.468438758653406
14,45,42.532556636418846
14,46,42.29302987172898
14,47,42.428697767684504
14,48,42.102355013697135
14,49,42.156118509197974
14,50,41.83334641539027
14,51,41.904845782495286
14,52,41.61884876194541
14,53,41.74713404995142
14,54,41.5883451594785
14,55,41.635411389658614
14,56,41.45494038264155
14,57,41.621771220723026
14,58,41.30760540294467
14,59,41.02266239784584
14,60,40.93315147245671
14,61,41.2264450201553
14,62,40.64509592610597
14,63,40.683763130303475
14,64,40.20725949582861
14,65,40.309865885741175
14,66,39.99464970692821
14,67,40.095427231792556
14,68,39.9179057077979
14,69,39.8617086412101
14,70,39.4529719859324
14,71,39.01955775231101
14,72,39.117947422129646
14,73,38.32627459864338
14,74,37.91549828883748
14,75,37.7032195682432
14,76,36.337791620264575
14,77,36.01808539903364
14,78,34.54866119017352
14,79,35.539275824972634
14,80,34.03029125596992
15,41,47.93423587840101
15,42,47.820340570034425
15,43,47.76914611851179
15,44,47.46685359040188
15,45,47.38494892240226
15,46,47.27473442379961
15,47,47.027725608857764
15,48,47.091988456048675
15,49,46.72611541876849
15,50,46.95326655393328
15,51,46.65168103451538
15,52,46.64748602260282
15,53,46.429673983085685
15,54,46.25461545861658
15,55,46.17765198023063
15,56,46.00696098345694
15,57,46.09087781395747
15,58,45.3481281910434
15,59,45.76958639129379
15,60,45.452832743855815
15,61,45.20494345038644
15,62,45.0657420773272
15,63,44.62692670055001
15,64,44.840829479546365
15,65,43.71038798309379
15,66,43.836177442211444
15,67,42.73288210688426
15,68,43.79043942772139
15,69,41.76024549542295
15,70,43.6992470565789
15,71,40.93173547793195
15,72,41.55627393063888
15,73,39.76085743906904
15,74,41.4200991617019
15,75,38.5373995348556
15,76,38.70065488772896
15,77,35.065905706062445
15,78,37.91862078618338
15,79,35.1565557479267
15,80,32.985910271369185
16,41,43.28663740314132
16,42,42.907383859281666
16,43,43.39875473045298
16,44,42.759111599529206
16,45,43.09322781370093
16,46,42.508321985585745
16,47,42.903706318567
16,48,42.263611760588255
16,49,42.79859766312605
16,50,42.163019995094736
16,51,42.34898931121917
16,52,42.23429435757943
16,53,41.74474092214519
16,54,41.91421205932905
16,55,41.679962387603325
16,56,41.6107271257025
16,57,41.97334005957807
16,58,41.235838078830795
16,59,41.58137563745312
16,60,40.5229140139279
16,61,41.08527414204089
16,62,40.29929752977382
16,63,40.01145320280486
16,64,40.22399637021833
16,65,39.82126346008589
16,66,38.67391598818136
16,67,37.33308506913311
16,68,36.95524230053602
16,69,36.83489639114842
16,70,33.84026519377481
16,71,34.40431537353108
16,72,32.798950080398406
16,73,32.94735174954884
16,74,28.69798684344518
16,75,28.818929523706608
16,76,24.74001536006878
16,77,26.032973369680853
16,78,17.08977499246834
16,79,16.671500726951287
16,80,15.79405576257565
17,41,43.24612343312664
17,42,42.814872971323645
17,43,42.847910288625776
17,44,42.746372854468845
17,45,42.511614540882576
17,46,42.624076987364795
17,47,42.28587828194544
17,48,42.20452491166183
17,49,41.7522080930412
17,50,41.89821229072939
17,51,41.52023827767866
17,52,41.8985823669086
17,53,40.858893189243446
17,54,41.53517079386008
17,55,40.80297078984383
17,56,40.2122595048468
17,57,40.72480128865456
17,58,38.94023963248774
17,59,39.62663179603133
17,60,38.74112110415865
17,61,39.24164786177261
17,62,36.08463470694119
17,63,38.30356136428635
17,64,34.74696129317612
17,65,34.775433324346764
17,66,33.613230403224335
17,67,33.418337144272265
17,68,32.04515279897585
17,69,30.554192809369976
17,70,30.344410231361167
17,71,27.29951963405792
17,72,27.295425980953578
17,73,26.559866868305537
17,74,26.089007264154986
17,75,24.541064225206743
17,76,24.191141702110986
17,77,24.73488320432152
17,78,22.66787430631567
17,79,20.990405188134048
17,80,21.491133507389968
18,41,37.78972305801099
18,42,37.88601318811103
18,43,37.61864328221813
18,44,37.47953004152333
18,45,37.60908375874094
18,46,37.23567471940686
18,47,37.212301367897844
18,48,36.961538171850165
18,49,36.70508964423781
18,50,36.37429144573868
18,51,36.322304790052755
18,52,35.93461066179012
18,53,35.443971070574406
18,54,35.458838890805524
18,55,35.21080618636904
18,56,34.83210227085651
18,57,33.00408134235802
18,58,34.06488480718947
18,59,33.11611866026899
18,60,31.106016508261533
18,61,31.377518628146813
18,62,30.07943033451023
18,63,29.935125491311172
18,64,26.236803859819513
18,65,26.937578674911613
18,66,28.515058684013784
18,67,25.123615898258333
18,68,21.799583501405305
18,69,19.76210590822177
18,70,19.8063295897576
18,71,12.678257513926098
18,72,9.029395890372319
18,73,4.899263128710425
18,74,3.63169930780143
18,75,0.000000000598688495430169
18,76,2.0440124435434948
18,77,0.0000000003790056110833139
18,78,2.695281027382534
18,79,0.00000000021176949905596302
18,80,0.009509120922676171
19,41,39.60532389544859
19,42,39.022470477043285
19,43,38.87833817821923
19,44,38.43000758413554
19,45,38.53733101788891
19,46,37.86541793598426
19,47,38.0678247569632
19,48,37.892596738199465
19,49,37.090003057811664
19,50,37.62148730634952
19,51,36.86643845134729
19,52,35.966557503953176
19,53,36.3899012848
19,54,34.331860832127134
19,55,35.00154917000717
19,56,34.63149883338029
19,57,33.2011942705158
19,58,31.834253720202014
19,59,31.33307968250852
19,60,29.152454846749993
19,61,28.689209956184545
19,62,27.79691108647671
19,63,25.987675390194873
19,64,23.287910082501128
19,65,23.61344293052257
19,66,21.495597491396044
19,67,22.41517461517395
19,68,18.419075151776898
19,69,17.13984592146586
19,70,17.49118638297084
19,71,16.006025181401636
19,72,13.49699849240637
19,73,14.713938572268285
19,74,11.447847948699636
19,75,11.887780950940186
19,76,11.44784794868526
19,77,11.887780950945755
19,78,11.447847948689612
19,79,11.887780950939584
19,80,11.447847948686071
20,41,38.320242044181015
20,42,37.711102325288124
20,43,37.86318105737689
20,44,36.98878665090483
20,45,37.027108059281815
20,46,36.2026809440448
20,47,36.32345050549276
20,48,35.05874612404233
20,49,35.67885818561032
20,50,34.753091725842815
20,51,34.69331884238391
20,52,33.90543372861332
20,53,32.23060444218566
20,54,31.724593667402903
20,55,32.09393985645196
20,56,27.823829947505168
20,57,29.757405362681766
20,58,26.94254174480656
20,59,22.821281788999983
20,60,21.983067552929356
20,61,18.033394272174345
20,62,17.39360783033809
20,63,10.884970835709641
20,64,10.282876217447402
20,65,1.918951290348602
20,66,4.954918576512902
20,67,0.0000000002432378212951804
20,68,1.5756570772216334
20,69,0.00000000010690518321042343
20,70,0.00000000044809092472354273
20,71,0.00016998437115142373
20,72,0.00007597414676802288
20,73,0.000000000047583596392401694
20,74,0.0000000020580178446019323
20,75,0.000000000026508190092562156
20,76,0.000000002042749385968484
20,77,0.000000000020809098320896482
20,78,0.000000005566603107692314
20,79,0.00000000003206255547987492
20,80,0.0000000002730279470621739
21,41,33.18271011355781
21,42,32.877566387949585
21,43,32.61116897776031
21,44,32.35873843098827
21,45,31.81326599878811
21,46,31.64091532591047
21,47,31.09494288861408
21,48,30.466936915672008
21,49,29.495340189070358
21,50,29.21907732576937
21,51,28.230513250121703
21,52,27.23506956453689
21,53,26.586628962878528
21,54,25.81052737920616
21,55,21.709044401133397
21,56,21.82694303316215
21,57,19.703470118724635
21,58,20.10450213895925
21,59,18.800972710720472
21,60,17.749677401644657
21,61,16.29507052891717
21,62,17.517431676451128
21,63,13.625035596701839
21,64,11.474780355809559
21,65,12.556240695107773
21,66,11.447847948690448
21,67,11.887780950939119
21,68,11.447847948806919
21,69,11.887780950938307
21,70,11.447847948686496
21,71,11.887780950941899
21,72,11.447847948686556
21,73,11.887780950938314
21,74,11.447847948686848
21,75,11.887780950938797
21,76,11.44784794868791
21,77,11.887780950938165
21,78,11.447847948687246
21,79,11.887780950938051
21,80,11.447847948686787
22,41,32.171360846843314
22,42,32.17845829159788
22,43,31.864772621552977
22,44,31.126258174134133
22,45,30.69412670614948
22,46,30.07465675852625
22,47,28.859195653966832
22,48,28.1378695382605
22,49,27.449967873502935
22,50,27.561663093457355
22,51,24.099302901713706
22,52,24.443786912024656
22,53,20.85766697724667
22,54,21.426768205175897
22,55,15.704423212203865
22,56,14.782179022969808
22,57,8.320338968693251
22,58,5.455865117864779
22,59,1.959451773207872
22,60,0.8008185561463381
22,61,0.00000000009497948407017471
22,62,0.6975870904391991
22,63,0.00000000004654390270977837
22,64,0.000004121446514305002
22,65,0.000000000024105063504410596
22,66,0.00000020430623165881772
22,67,0.000000000016027846743243467
22,68,0.0000000042729174789770085
22,69,0.000000000017828125400718075
22,70,0.00000000018839055717789934
22,71,0.000000000013583630591780683
22,72,0.0000009433128081608493
22,73,0.0000000000122173888117774
22,74,0.0011283512005238459
22,75,0.000000000012343745516519739
22,76,0.0000006981544875384662
22,77,0.00001823988613526627
22,78,0.0000005915801453830067
22,79,0.000000000008535856123104244
22,80,0.0000000014717107219566118
23,41,32.484590788506885
23,42,31.6191780731989
23,43,31.286319494392
23,44,29.760788932271744
23,45,30.07372505164203
23,46,28.20848286709574
23,47,28.575602349210467
23,48,25.1165580940163
23,49,23.483359284167925
23,50,22.670887658134728
23,51,20.73828714173893
23,52,17.39489780460595
23,53,18.11238991487325
23,54,15.703812763717394
23,55,15.967261696740138
23,56,15.634703494586649
23,57,11.761494505990198
23,58,10.804832274369572
23,59,7.550433158980587
23,60,0.00000000031458000023791256
23,61,4.093749999990962
23,62,0.00000000017644692317934197
23,63,4.093749999997982
23,64,0.00000000029305258692518504
23,65,4.093749999993662
23,66,0.00000000014842026438268075
23,67,4.093749999998039
23,68,0.00000000008745567210721213
23,69,4.093749999997414
23,70,0.00000000002992257269592636
23,71,4.093750000000134
23,72,0.00000000021569251527342775
23,73,4.093749999999751
23,74,0.00000000003174530760892392
23,75,4.09374999999895
23,76,0.00000000014132097825763188
23,77,4.093749999999218
23,78,0.0000006626639206732898
23,79,4.093749999998966
23,80,0.0000000008950268125081905
24,41,28.546340782277113
24,42,27.781341631560164
24,43,26.206052202799842
24,44,24.9763785340081
24,45,25.653907532946878
24,46,24.085354958327937
24,47,24.28018863533368
24,48,20.91686422859845
24,49,20.55983340161642
24,50,19.082619207649095
24,51,14.292335496474054
24,52,12.881681480516699
24,53,5.426824780578823
24,54,7.6290105934969406
24,55,0.0000000002942336495881447
24,56,0.00000000013455803848027863
24,57,0.00000000004083239435047981
24,58,0.0000000005334599986680663
24,59,0.000000000016894796555609316
24,60,0.000000000031835409712317075
24,61,0.00000000021414310446158754
24,62,0.00000000003539990576546602
24,63,0.00000000001038978970830274
24,64,0.000000000012681436631113826
24,65,0.000000000011436503717210699
24,66,0.00000000009920330182782587
24,67,0.000000000007329519299772074
24,68,0.0000000004671765283065649
24,69,0.000000000005665401498054408
24,70,0.000000001170797944356086
24,71,0.0000000000056417500083932335
24,72,0.00000000001626646233657593
24,73,0.000000000007104966587538173
24,74,0.000000000028191198912493955
24,75,0.000000000010869667660399739
24,76,0.000000000006675456890541234
24,77,0.00000008614561973778565
24,78,0.00000000005035362615794878
24,79,0.0000000000066316763957129505
24,80,0.00000000000526614619253992
25,41,24.32707213926587
25,42,23.923168061482066
25,43,23.643822826752757
25,44,23.18924035134271
25,45,21.823309007581923
25,46,21.113968781596416
25,47,18.215407079543702
25,48,16.858250422006872
25,49,15.812429374441095
25,50,14.42067021810446
25,51,11.951808951039943
25,52,11.45944028164382
25,53,6.2827505067358755
25,54,0.00000000038929625578692954
25,55,4.093750000004604
25,56,0.00000000006965877548245338
25,57,4.093749999997883
25,58,0.0000001911183390214854
25,59,4.093750000000128
25,60,0.0000000003416881945468622
25,61,4.093749999999744
25,62,0.0000000016778910437621857
25,63,4.093750000001037
25,64,0.000000000011995011453792553
25,65,4.0937499999994245
25,66,0.00000000013257419343333286
25,67,4.093750001057633
25,68,0.00000000001465176441439639
25,69,4.093750000000561
25,70,0.00000031855289507208364
25,71,4.093749999999247
25,72,0.00000000009452035589363442
25,73,4.093749999999602
25,74,0.0000000000081690307591554
25,75,4.093750000000995
25,76,0.000000000013227122744186422
25,77,4.093750000000227
25,78,0.00006346420970802203
25,79,4.093749999999828
25,80,0.00000000015938818486769488
26,41,20.653488577236182
26,42,20.422073201059423
26,43,18.164803871007603
26,44,17.83823163852111
26,45,15.321142644864132
26,46,14.015213711884957
26,47,9.581594570766962
26,48,7.417035299523007
26,49,2.007289114644944
26,50,5.400600235530901
26,51,0.0000000002071329929022878
26,52,0.0000000013275002061782197
26,53,0.0000034482593750863887
26,54,0.00000000032664850511885124
26,55,0.000000000016600595306282544
26,56,0.000000010445838350772264
26,57,0.000000000012414364721420798
26,58,0.0000017172404509718992
26,59,0.000000000011392188589040413
26,60,0.00000000005535083476998274
26,61,0.00004693731872546596
26,62,0.000000000015285615981247223
26,63,0.00000000000855776698913709
26,64,0.000000007531626956522209
26,65,0.000000000005480910749681605
26,66,0.00000000008484646022777622
26,67,0.000000000004899388109262291
26,68,0.0000000010984573512764383
26,69,0.000000000004012217486672451
26,70,0.000000000028834938373530408
26,71,0.000000000007348857079547417
26,72,0.0001602118810829537
26,73,0.0000026595040216591845
26,74,0.001493494144286133
26,75,0.000000000005475024193449011
26,76,0.00000000015045288932534132
26,77,0.000000000004318777660794394
26,78,0.0000000012872482464591462
26,79,0.00000000000619298607716235
26,80,0.0000000000071291147629022776
27,41,19.07022997941632
27,42,18.604622260062662
27,43,16.55963597421723
27,44,15.717203452804346
27,45,12.960388794619773
27,46,11.45110985712486
27,47,11.65366466804898
27,48,8.686599424666387
27,49,5.162634777982343
27,50,0.0000000001322135671989835
27,51,4.093750000007738
27,52,0.00000000040098250167128256
27,53,4.093749999997691
27,54,0.00000000037591852874803877
27,55,4.0937499999988844
27,56,0.00000000003010241726879061
27,57,4.093750000000256
27,58,0.000000000009336253456360855
27,59,4.093750000000583
27,60,0.000000000006994020208237686
27,61,4.093749999999261
27,62,0.00000000014516325629723607
27,63,4.093749999999774
27,64,0.000000000014613199645121892
27,65,4.093750000000882
27,66,0.000000000055369999200676684
27,67,4.093750000000203
27,68,0.00000000019250284762601187
27,69,4.093749999999758
27,70,0.000000000015211239384673312
27,71,4.093750000000014
27,72,0.000000000014288649791554332
27,73,4.093750000000206
27,74,0.000000000014868621933920818
27,75,4.093750000000261
27,76,0.000000000007342003435264642
27,77,4.093750000000253
27,78,0.0000000000450316594793086
27,79,4.093749999999998
27,80,0.000000000011766812847804702
28,41,12.401350059763029
28,42,12.313688144912762
28,43,8.987181303971331
28,44,7.198313718815978
28,45,3.9098775172341687
28,46,3.720770187628533
28,47,0.00000000005817802588067681
28,48,0.00002387148888518765
28,49,0.000000000017098479764315912
28,50,0.0000000011989449288959952
28,51,0.000000000007754684049304622
28,52,0.00000000001092709707864104
28,53,0.000000000008494102112184489
28,54,0.00000000013401688160438204
28,55,0.0000000000059519842163857155
28,56,0.0000000001356276502504037
28,57,0.0000000006776053772346274
28,58,0.0000000012910987420036378
28,59,0.0000000000046194542932893035
28,60,0.0000000013363714088190713
28,61,0.0000000000038337461320919256
28,62,0.00000007394154338146135
28,63,0.000000000004620206786418309
28,64,0.0000000005339981773615045
28,65,0.0000000000045884827448213585
28,66,0.00000000009501141661790606
28,67,0.000000000046033270523323216
28,68,0.000000012642537147523967
28,69,0.0000000000035845281935153907
28,70,0.0000000008777270246323778
28,71,0.0000000000030112434609122506
28,72,0.000000006261528728691385
28,73,0.0000000000029490362606178014
28,74,0.000001559339685085541
28,75,0.000000000016337260457400128
28,76,0.0000005174233263791139
28,77,0.000000000019920703116708395
28,78,0.0000000006695624882554552
28,79,0.000000000007580242434788519
28,80,0.00000001175710682422525
29,41,12.27478992495148
29,42,12.268820009422178
29,43,9.825325250260372
29,44,8.230392752221725
29,45,5.263624857708873
29,46,0.00000000021050324654687544
29,47,4.0937499999930935
29,48,0.00000004536934415573981
29,49,4.0937500000009095
29,50,0.000000000028363874213105588
29,51,4.093750000000625
29,52,0.000000000019417424231651822
29,53,4.093750000000853
29,54,0.000000000008246968819446695
29,55,4.093750000000156
29,56,0.00000000000812708750184085
29,57,4.0937500000001705
29,58,0.00000000002937154982487849
29,59,4.0937499999994245
29,60,0.00000000004863054096442002
29,61,4.093750000000085
29,62,0.000000000017325410382469542
29,63,4.093750000000128
29,64,0.00000000008668988545969894
29,65,4.093750000000213
29,66,0.00000000002988716237351547
29,67,4.093750000000341
29,68,0.0000000005872923350641461
29,69,4.093749999999986
29,70,0.000011407521967385605
29,71,4.0937500000001705
29,72,0.00000000019325040000246934
29,73,4.0937500000003055
29,74,0.000000000028737262818555857
29,75,4.093750000000396
29,76,0.00000000015868510872484094
29,77,4.093750000000444
29,78,0.00000000007069439990556486
29,79,4.093750000000245
29,80,0.00000000010162413322329692
30,41,4.96563605684902
30,42,3.015116403855237
30,43,0.00000000004387584591115463
30,44,0.00000000014165302920698314
30,45,0.000000000016636747775892034
30,46,0.00000000008723631966922217
30,47,0.000000000007843883810806441
30,48,0.00000000002404220663568141
30,49,0.000000000004007257660010829
30,50,0.000000006662698601585328
30,51,0.0000000000051732159837048894
30,52,0.000000000005459002527007899
30,53,0.000000000004836459897806114
30,54,0.000000000005745851809795868
30,55,0.000000000003656555035673837
30,56,0.000000025910573614122447
30,57,0.000000000003718056192367112
30,58,0.000000006502192364626422
30,59,0.000000000002953716687545587
30,60,0.00000001268455730966562
30,61,0.0000000000031381176008763298
30,62,0.00000032683305547736886
30,63,0.0000000000044241343988659004
30,64,0.000000011039836434956137
30,65,0.0000000000037478905360839944
30,66,0.0000001637056237280398
30,67,0.000000000002405523222243893
30,68,0.00000000018826884906697915
30,69,0.0000000000034708153541137587
30,70,0.000000001214370953085547
30,71,0.0000000000034660671924675495
30,72,0.0000000014450691042265813
30,73,0.0000000000026234366972100192
30,74,0.00000000040042646370302614
30,75,0.0000000000027183142293931683
30,76,0.000003034809036988383
30,77,0.0000000000032098554028869593
30,78,0.000000008686338927196371
30,79,0.000000000003516296490205853
30,80,0.00000004802993248201618
31,41,6.9741574630433565
31,42,0.13250005742622617
31,43,4.093749999990351
31,44,0.00000000015772836828678843
31,45,4.09375000000167
31,46,0.00000000002840055884714348
31,47,4.0937500000004095
31,48,0.00000003690879896775863
31,49,4.0937499999999645
31,50,0.00000000013953552102969305
31,51,4.093749999999786
31,52,0.000000000006690920611360424
31,53,4.0937500000000355
31,54,0.000000000012095716865285194
31,55,4.093750000000334
31,56,0.0000000005844874692538552
31,57,4.093750000000307
31,58,0.0000000000035121342546682066
31,59,4.093750000000041
31,60,0.00000023222441048843017
31,61,4.093749999999707
31,62,0.00000000004488031709975682
31,63,4.093749999999583
31,64,0.0000000007488620580415886
31,65,4.093750000000064
31,66,0.000000000008399663548380937
31,67,4.093750000000306
31,68,0.0000000000050831811426553474
31,69,4.0937499999996625
31,70,0.000000000013676728360626104
31,71,4.093750000000135
31,72,0.00000006123230108185177
31,73,4.093750000000363
31,74,0.00000000003316437100835433
31,75,4.093749999999688
31,76,0.00000000005055463370993091
31,77,4.0937500000002
31,78,0.000000000021739163552571734
31,79,4.093749999999737
31,80,0.000000000005703303694714346
32,41,0.000000000052400699077363344
32,42,0.12713725475492846
32,43,0.000000000007875972941854285
32,44,0.0000000000063442722992948246
32,45,0.000000000006203652203502511
32,46,0.000000000009018903207245047
32,47,0.000000000005800758173120693
32,48,0.00000000013495542712346738
32,49,0.0000000000036075429351436107
32,50,0.00000000005165825939768656
32,51,0.000003613826052014964
32,52,0.0014966256578281116
32,53,0.000000000003965264985122261
32,54,0.00000000005811189741105717
32,55,0.00000000001969678417499803
32,56,0.00000000000475517425243671
32,57,0.000002416573418243676
32,58,0.00001733092001841688
32,59,0.0000000000026462415311221405
32,60,0.000000000028760573370802852
32,61,0.000000000003391082748306522
32,62,0.00000000005195718273099724
32,63,0.0000000000034625194936890043
32,64,0.000000000008716216829334185
32,65,0.0000000000028603912841381664
32,66,0.0000000000041917835787074915
32,67,0.0000000000036169715445541754
32,68,0.00000000188275671764441
32,69,0.0000000000023129630459554907
32,70,0.00000000028487188278626465
32,71,0.0000000000023018073163553417
32,72,0.000000000002578065702366315
32,73,0.000000003531832385552717
32,74,0.0000000003795829882592886
32,75,0.0000000000024378602711073628
32,76,0.00000000003003471452680515
32,77,0.000000000002409624945247639
32,78,0.0000000012508336473419565
32,79,0.0000032697146596302058
32,80,0.000000000023955156284522416
33,41,4.093749999996231
33,42,0.000000000021034798889433012
33,43,4.0937500000009095
33,44,0.000000000312140019724078
33,45,4.09375000000033
33,46,0.0000000016758801676581788
33,47,4.093750000000448
33,48,0.0000000023081654618669507
33,49,4.093749999999858
33,50,0.0000000003176292910240946
33,51,4.093750000000134
33,52,0.000000000010301514326909838
33,53,4.093749999998796
33,54,0.000000004305114698963055
33,55,4.093749999998952
33,56,0.000000007437701150566892
33,57,4.0937499999999085
33,58,0.00000001263592769791478
33,59,4.093750000000675
33,60,0.00000000010034241477728487
33,61,4.093749999999591
33,62,0.0000000002509830381489434
33,63,4.0937500000004725
33,64,0.00000000012211967435276437
33,65,4.093749999999729
33,66,0.000000000019832404428628336
33,67,4.093749999999838
33,68,0.000000000006314098368718064
33,69,4.0937499999999725
33,70,0.0000012535036740669384
33,71,4.093749999999879
33,72,0.00000000000613408038175434
33,73,4.0937500000002345
33,74,0.000000014013463732305352
33,75,4.093750000000307
33,76,0.000000000012319840976045536
33,77,4.093749999999943
33,78,0.000000000008159293957508876
33,79,4.093749999999893
33,80,0.0000000000056610241272815455
34,41,0.000000000004916382132859618
34,42,0.000000000007939744911108963
34,43,0.000000000004033749309661998
34,44,0.000000000057508262763879927
34,45,0.0000000000032456041323392244
34,46,0.0000000000038447230670896855
34,47,0.0002939917390797843
34,48,0.0000000001193507242033878
34,49,0.0000000000029381645830817734
34,50,0.00000000002876179835962675
34,51,0.000000000005803306870672563
34,52,0.0000000028171634300394412
34,53,0.0000000002665929123778487
34,54,0.0000000000039237335745238375
34,55,0.000000006513528313797464
34,56,0.000000000003520150344379662
34,57,0.0000000000027620465169132472
34,58,0.0000000000028099546199308038
34,59,0.0000000000024890835940142765
34,60,0.000000000016681833906757015
34,61,0.000000000004128875977341277
34,62,0.0000000009491496081574352
34,63,0.0000000000017738813928119872
34,64,0.00000000006505726835827637
34,65,0.0000000000024817163251369783
34,66,0.0000000034964229490115638
34,67,0.00003487985090727496
34,68,0.00000002006468575290929
34,69,0.000014937076713488263
34,70,0.000000018452317902493816
34,71,0.0000000000018824520548060917
34,72,0.0000000002689075497778519
34,73,0.0000000000020257209444604705
34,74,0.000000000055379270994248096
34,75,0.0000000000017890607777365258
34,76,0.0000000006092890395390808
34,77,0.0000000000015860255147920168
34,78,0.00000000011287303635691346
34,79,0.0000000000018774551298154323
34,80,0.00000000006626189494796481
35,41,0.000000000007972285216896226
35,42,0.000000000018639852840487052
35,43,0.000000000018902172815461387
35,44,0.000000000007213172765404748
35,45,0.000000000005157737966329315
35,46,0.000000000012139301161433106
35,47,0.000000000005261519160136053
35,48,0.000007567817116213314
35,49,0.000005278750198919935
35,50,0.00000000006468542975826657
35,51,0.00000000001012000685980293
35,52,0.000000000006538319842857374
35,53,0.000000000008138070870379176
35,54,0.00000000000455395130342595
35,55,0.00000000001016187022206661
35,56,0.00000000004525974940195674
35,57,0.000000000005183039565018013
35,58,0.0000000008122874213452829
35,59,0.000000000010004038250077294
35,60,0.000000001425696274790199
35,61,0.0000000000031967804681127992
35,62,0.000000000011769879312406527
35,63,0.0000000000069647967023482245
35,64,0.0000000036658858635493115
35,65,0.000000000007247646299391543
35,66,0.00000000038519437681213516
35,67,0.0000000000031614574291411847
35,68,0.0000000000027351838181081616
35,69,0.000000000009169247787174309
35,70,0.00000000004404983720761475
35,71,0.000000000002632259394375827
35,72,0.00000000005585653288471724
35,73,0.00000000005460549324662614
35,74,0.000000022468847049667532
35,75,0.000000000008799460455551175
35,76,0.00000000003430259452962499
35,77,0.000000000003963879520893251
35,78,0.00000000005998618531385287
35,79,0.000000000006450266637583139
35,80,0.0000000016391014754545747
36,41,0.000000000004019559843699778
36,42,0.0000000066240306905263874
36,43,0.0000000000039147519076337445
36,44,0.0000000047393670143205964
36,45,0.000000000002268222425237805
36,46,0.0005600650080170643
36,47,0.00000000000269109805829399
36,48,0.00000000018800712040502534
36,49,0.0000000000025498473836449536
36,50,0.000000001268096600794803
36,51,0.000000000002784349181332388
36,52,0.00000000019939183441143344
36,53,0.0000000000030658625036211397
36,54,0.0000000004262830961302566
36,55,0.0000000000022216511263701514
36,56,0.000002038826793901362
36,57,0.0000000000023958550684418244
36,58,0.00000000017008277989422658
36,59,0.000000000006252443419051989
36,60,0.000000000031852785878498294
36,61,0.000000000002386675166787259
36,62,0.00000000002596331480658598
36,63,0.0000000000020641001362222226
36,64,0.0005394828852671973
36,65,0.000000000002513547504915831
36,66,0.00000000000975760082513595
36,67,0.000000000001733592815478771
36,68,0.00000003478406219942543
36,69,0.00000000000220814588659308
36,70,0.0000000001460099865023269
36,71,0.0000000000016590860929248335
36,72,0.00000000002248874639764628
36,73,0.0000000000020428266790093095
36,74,0.0000000005829193278988725
36,75,0.00000000000140590442790259
36,76,0.00000011492433866665438
36,77,0.0000000000012526346085219381
36,78,0.0000000000015850288516597566
36,79,0.0000000000014137852629093341
36,80,0.00000000012584579402408168
37,41,0.000000000005519906501842251
37,42,0.0000000000071850135854588655
37,43,0.000000000015731883332752318
37,44,0.0000000000030242206427088066
37,45,0.00000011523755030528487
37,46,0.00000000010893350811994323
37,47,0.000000000004983862301825665
37,48,0.000000000005791805614746354
37,49,0.000000000003782940633215167
37,50,0.0000000000035433070363478647
37,51,0.000000000006742459643661824
37,52,0.00012568651623005156
37,53,0.0000000000036186679214109518
37,54,0.0000000000023964126169687453
37,55,0.000000000003709349283951146
37,56,0.0000000000020703556684979424
37,57,0.0000000000018890215013356802
37,58,0.00000000010197364893698187
37,59,0.0000000000026857923974898455
37,60,0.0005337937201109634
37,61,0.0000000000029939156321931425
37,62,0.000000000004084974888868331
37,63,0.0000000000054805316962513686
37,64,0.00000000007220271193291274
37,65,0.000000000002295010114290076
37,66,0.0000000000028276838551454783
37,67,0.0000000000050345495547355415
37,68,0.0000000000022220218758726474
37,69,0.0000000000025825806131854383
37,70,0.000000000002193792873190185
37,71,0.000000000002025937211465693
37,72,0.0000000000424406832147106
37,73,0.0000000000023511476643593703
37,74,0.000000000001988483054341832
37,75,0.0000000000015377566050626646
37,76,0.000000000005001235139976661
37,77,0.000000000002447093841674863
37,78,0.000000002799547199417836
37,79,0.0000000000024654575524886723
37,80,0.000000000039647173288039356
38,41,0.00000000000332892139015131
38,42,0.000008232622762910019
38,43,0.000008031033076590274
38,44,0.0000000000054460106589228196
38,45,0.0000000000032526133632684958
v38,46,0.0009602048151069774
38,47,0.0000000000021441204442826167
38,48,0.000000000003709506104717173
38,49,0.0000000000021529405688641094
38,50,0.0000000019914010777447188
38,51,0.00000000000396728419337856
38,52,0.00000000001472905929266764
38,53,0.000000000001671708064566045
38,54,0.000002726268335098123
38,55,0.0000000000020549698035122282
38,56,0.000000000003147033116917168
38,57,0.0000000000024562283652377402
38,58,0.000000000002246626589882354
38,59,0.0000000000017385613221354582
38,60,0.00000000005817937665257864
38,61,0.0000000000019972983023785625
38,62,0.000000000002211256138652608
38,63,0.0000011702374692153947
38,64,0.0000000000028394581285597066
38,65,0.000000000001931100418842976
38,66,0.0000000000017801558278628214
38,67,0.0000000000017245408586810272
38,68,0.0000000005811788745563305
38,69,0.000000000002704713910995459
38,70,0.0000000030049417012055193
38,71,0.000000000001585890988733702
38,72,0.00000000008258939562514046
38,73,0.0000000000014198672700630383
38,74,0.0000000000020692665974880372
38,75,0.0000000000013420059528867959
38,76,0.00005795850463717159
38,77,0.0000000000015805140689823055
38,78,0.0000000000019513807823531907
38,79,0.0000000000015536194616856028
38,80,0.000000010167181681632844
39,41,0.000000000004049797626787309
39,42,0.000000000010963847537707156
39,43,0.00022605290293638432
39,44,0.000000000004398637715332589
39,45,0.000000000003509852512338401
39,46,0.00000010466941043296709
39,47,0.0009225476527841998
39,48,0.000000000004604816339536872
39,49,0.00021769237976512805
39,50,0.0000000000033381234392882452
39,51,0.0000000000024442360578159652
39,52,0.0000000011533058111298536
39,53,0.0000000000024284596079571282
39,54,0.000000000002301372074640197
39,55,0.000000000004031901703388997
39,56,0.000000000149032144965609
39,57,0.000000000002031816635642553
39,58,0.000000000017335562848608787
39,59,0.0000000000020832191448411294
39,60,0.0000000003877186021112708
39,61,0.000000000002313534396114858
39,62,0.000021418792377921666
39,63,0.000000000002843618991919231
39,64,0.0000000000020850939745248896
39,65,0.0000000000020467639629432867
39,66,0.0000000000018731066272828613
39,67,0.0000000000013682510554182937
39,68,0.000000000005019659878067797
39,69,0.0000000000016097917576980778
39,70,0.0000000000631346400465801
39,71,0.000000000001642619921876769
39,72,0.000000000002184250079575092
39,73,0.0000000000017327718735234925
39,74,0.0000000003462265168237222
39,75,0.000000000001772038952588316
39,76,0.000000000025925906991069125
39,77,0.0000000000015900085102663675
39,78,0.000000000003154007148474112
39,79,0.0000000000018110832706177783
39,80,0.00000000008092481891257447
40,41,0.000000000010796534599822939
40,42,0.00000000008310021546764332
40,43,0.000000000003004318924939472
40,44,0.0000000005363080027400365
40,45,0.000014261054305005745
40,46,0.0000000000024756082821393926
40,47,0.0000000000023682158753686033
40,48,0.00000000000280654386306405
40,49,0.000020913277999468888
40,50,0.0000000000018188112332065123
40,51,0.0000000000017767737521752518
40,52,0.0000031521841642169825
40,53,0.0000000000016152029065600515
40,54,0.000008867824673731833
40,55,0.0000000000018211444620035125
40,56,0.00000000008742351747594583
40,57,0.000000000002031149278896665
40,58,0.00000000000212869104463352
40,59,0.000000000002014708790004524
40,60,0.0000000000017750034722868462
40,61,0.0000000000017778825572633457
40,62,0.00000000006531229342499205
40,63,0.000000000001710859603132369
40,64,0.000000000002107801960042141
40,65,0.0000000000017904127456390941
40,66,0.00000000009695285312861171
40,67,0.0000000000016571972907616785
40,68,0.0000000000057745854575516175
40,69,0.0000000000017626344580657564
40,70,0.000000000002567190520484732
40,71,0.00000000000173079523047212
40,72,0.000000000002227211877031271
40,73,0.000000000002363479753904571
40,74,0.00000000032486460318364196
40,75,0.000022648665968044604
40,76,0.0000000008826117461946911
40,77,0.0000000000015357418482306966
40,78,0.00000000011825732153744236
40,79,0.0000000000014676159981615047
40,80,0.000002561508974900545
